24	1988-2019	TUSHAAR SHAH	youth studies,urban health,healthy urban planning
21	1989-2014	RAMASWAMY R IYER	water management,dams
19	1975-2000	B D DHAWAN	agricultural and food policy,farm management
19	1984-2015	ASHISH KOTHARI	globalisation and sustainable development,alternatives to development,conservation
17	1993-2017	V RATNA REDDY	agricultural and resource economics,south india,efficient market hypothesis
12	1997-2018	MIHIR SHAH	social policy & development,history of economic thought,health economics
11	2000-2017	NAVROZ K DUBASH	development studies,political economy,indian studies
10	1969-2000	N S JODHA	environmental science,agricultural economics
10	1987-2016	JAYANTA BANDYOPADHYAY	mountain ecosyetems,eco-hydrology of rivers,environmental movements in india
10	1988-2019	K J JOY	water management,water policy
10	2008-2015	KANCHI KOHLI	
9	1983-2002	RAMACHANDRA GUHA	environmental history,political history,social history
9	1987-1996	ARUN GHOSH	electrical engineering,computer networks,dialogue
9	1989-2014	KANCHAN CHOPRA	geography and other environmental studies,global environmental governance,international environmental politics
9	2004-2018	M DINESH KUMAR	information and communications technology,ddos defense,education
9	2009-2019	T JAYARAMAN	climate change,low carbon growth strategies,global warming
8	1997-2018	DEV NATHAN	labour,indigenour people
8	1997-2007	AMITA SHAH	rural economy,forestry
7	1982-1999	VANDANA SHIVA	ecological economics,agriculture
7	2000-2007	VINISH KATHURIA	renewable energy,economics of regulation
7	2002-2017	SHARACHCHANDRA LELE	economics,sustainable development,india
7	2004-2017	M V RAMANA	nuclear energy,advanced nuclear energy systems,energy planning
7	2008-2017	MUKUL SANWAL	climate change,
6	1981-2005	NIRANJAN PANT	islamic studies,migration studies,migration
6	1985-2016	MADHAV GADGIL	ecology
6	1986-2016	V T PADMANABHAN	environmental geology,radiobiology of ionizing radiation,groundwater contamination
6	1986-1998	ASHOK K MITRA	economics,politics
6	1987-2006	K BALAGOPAL	human rights,civil liberties
6	1993-2018	P K JOSHI	value chain analysis,global warming,climate change adaptation
6	1993-2004	MUKUL	
6	1995-2017	AJIT MENON	social movements,india,social movements (political science)
6	1995-2009	GAUTAM NAVLAKHA	human rights,civil liberties
6	2001-2015	PHILIPPE CULLET	
6	2006-2011	SUHAS PARANJAPE	water resources modelling under limited data availability,participative ecosystem, especially water resource management
6	2007-2015	MANJU MENON	urban planning,urban studies,india
6	2009-2015	MARTIN KHOR	international climate policy,globalization
6	2013-2019	NEHA SINHA	conservation,protected areas,birds
5	1976-1982	ROBERT WADE	world bank,globalization,environmental politics
5	1989-2013	GOPAL K KADEKODI	forest management,environmental economics,developmental economics
5	1990-2015	ANTONETTE D'SA	indrustrial engineering,resource planning
5	1991-2006	MARCUS MOENCH	climate change economics,sustainable development
5	1994-2012	JYOTI PARIKH	biomass,multidisciplinary,regional integration and international trade
5	1994-2009	RAMESH CHAND	high yielding wheat,pathogen interaction
5	1994-2018	AMITA BAVISKAR	sociology,urban planning,dams
5	1995-2012	BARBARA HARRISS-WHITE	agricultural economics,development economics
5	1997-2018	GOVIND KELKAR	gender,rural studies
5	1997-2015	C RAMACHANDRAIAH	urban transportation,urban environment
5	1999-2018	RAKESH AGRAWAL	hrm & ob,consciousness studies,indian ethos and management
5	2000-2005	VIDEH UPADHYAY	environmental law,water laws
5	2001-2012	KUNTALA LAHIRI-DUTT	research methodology,geography,gender
5	2002-2012	SUMANTA BANERJEE	
5	2004-2016	ADITI MUKHERJI	human geography,water policy,sustainability
5	2004-2012	MUKUL SHARMA	environmental studies,media studies,journalism
5	2007-2015	NAGRAJ ADVE	global warming
5	2008-2017	GEETANJOY SAHU	environmental politics,environmental law,forest rights
5	2009-2015	LAVANYA RAJAMANI	international environmental law,international climate change law
5	2011-2014	MEGHNA KRISHNADAS	biodiversity,conservation biology,community ecology
5	2011-2015	NANDINI VELHO	governance,environmental policy and governance,wildlife biology
5	2011-2018	NITIN BASSI	water management,energy policy
4	1974-2002	C H HANUMANTHA RAO	agriculture,food security,regional disparities
4	1977-1991	AMULYA KUMAR N REDDY	rural technology,energy analysis
4	1983-1994	SHARAD KULKARNI	
4	1988-2001	D N	
4	1989-2001	BHARAT DOGRA	medicine,neurofibromatosis,sociology
4	1990-2002	P BALACHANDRA	energy policy,environmental sustainability,renewable energy
4	1992-2001	VIDHYA DAS	education,philosophy,history
4	1992-2019	K N NINAN	sustainable agriculture,forest management,water management
4	1992-2001	A M	
4	1993-2017	R MARIA SALETH	agricultural economics,international studies
4	1993-2019	SHRIPAD DHARMADHIKARY	water,energy,development
4	1995-2002	NEELA MUKHERJEE	
4	1996-2002	MUZAFFAR ASSADI	political theory,political sociology
4	1997-2016	S JANAKARAJAN	rural development,agrarian institutions,climate change
4	1997-2011	GIRISH SANT	energy policy,energy efficiency
4	2000-2008	ANANT PHADKE	social science,political science
4	2000-2018	LYLA MEHTA	
4	2003-2019	GHAZALA SHAHABUDDIN	conservation biology,postcolonial studies,animal behavior
4	2003-2019	RAMACHANDRA BHATTA	landscape ecology,ecological economics,ecosystem services
4	2004-2016	NUPUR CHOWDHURY	international environmental law,environmental governance
4	2004-2019	SHILP VERMA	
4	2007-2010	GAUTAM DUTT	anthropology of religion
4	2008-2010	ARMIN ROSENCRANZ	energy and environment,paris agreement 2015,political philosophy
4	2009-2018	SUJATHA BYRAVAN	climate change,sustainable development,agriculture
4	2009-2015	HIMANSHU KULKARNI	computer networks,economics,business
4	2010-2015	E A S SARMA	environmental protection,tribal livelihood
4	2010-2019	K PALANISAMI	
4	2011-2014	UMESH SRINIVASAN	climate change,climate conservation,ecology
4	2013-2014	P J DILIP KUMAR	institutional economics,decentralized governance,public administration
3	1972-2008	DEB KUMAR BOSE	
3	1975-1983	K T ACHAYA	food technology
3	1977-1977	KALPANA BARDHAN	indian art,pahari paintings,gita govinda
3	1977-1990	ARJUN MAKHIJANI	environment,energy policy,nuclear weapons
3	1980-1984	D R PENDSE	
3	1982-2002	J BANDYOPADHYAY	sustainable development,climate change,water
3	1982-1986	D NARAYANA	development studies
3	1982-1986	K NARAYANAN NAIR	irrigation,rural economy
3	1983-1991	JOAN P MENCHER	new media,women's studies,political theory
3	1984-2000	RAMAKRISHNAN KORAKANDY	environment,fishing
3	1985-1994	NARINDAR SINGH	
3	1985-2016	NIRMAL SENGUPTA	irrigation,water management
3	1985-2006	JASVEEN JAIRATH	water policy,water conservation
3	1986-2012	ANAND CHAKRAVARTI	rural class relations,sociology
3	1987-2003	A DAMODARAN	ecological economics,sustainable development
3	1989-2014	M N MURTY	
3	1989-1996	B M	
3	1990-1997	K R NAYAR	social determinants of health,health policy analysis,non-communicable diseases
3	1990-1991	GLADYS D SUMITHRA	energy policy,ecology
3	1991-2010	SUNIL	
3	1991-2009	E SOMANATHAN	environmental economy,developmental economy
3	1992-2003	M V NADKARNI	economics,agricultural policy,forest management
3	1993-2010	K K DATTA	salinity,water logging,fisheries
3	1993-1996	D S K RAO	
3	1994-2004	A K JHA	forest management,biodiversity
3	1994-1997	RAHUL	
3	1995-2001	K M SEETHI	international relations & politics
3	1996-2019	BINAY KUMAR PATTNAIK	popularization of science,sustainable development
3	1996-2012	NANDINI SUNDAR	sociology,philosophy,anthropology
3	1996-2016	S MAHENDRA DEV	agriculture economics,agricultural policy,food security
3	1997-2003	N NAGARAJ	production and resource economics,environmental impact assessment,agricultural economics
3	1997-2004	M G CHANDRAKANTH	agricultural economics,environmental economics
3	1998-2007	RAM PRATAP GUPTA	
3	1998-2006	SANTOSH MEHROTRA	quality of working life,young adulthood,labour market dynamics
3	1998-2003	ROHAN D'SOUZA	environmental humanities,anthropocene studies,environmental history
3	1998-2019	PRANAB MUKHOPADHYAY	economic growth,higher education
3	1999-2012	DINESH KUMAR MISHRA	
3	2000-2003	ASHISH BOSE	demography,economic analyst
3	2000-2006	MONIRUL HUSSAIN	ethnicity,human security,forced migration
3	2002-2010	JUDY WHITEHEAD	space and place, adivasis.,area studies
3	2002-2010	PURNAMITA DASGUPTA	environmental and natural resource economics,health economics
3	2002-2003	ANURADHA KUMAR	small scale fisheries,multidisciplinary,fisheries governance
3	2002-2003	SHREEKANT GUPTA	environmental economics,climate change
3	2002-2005	SUDHA VASAN	sociology,political ecology,social and cultural anthropology
3	2003-2013	KALA SEETHARAM SRIDHAR	urban studies,southasian studies
3	2003-2006	A VAIDYANATHAN	climate change,agriculture,water policy
3	2003-2010	SANJAY UPADHYAY	contract labour and legal protection,social security law
3	2003-2009	R N SHARMA	social science,tribal studies,rural studies
3	2004-2009	O P SINGH	water resource management,irrigation
3	2004-2010	HIMANSHU UPADHYAYA	environment,rural agriculture,mining
3	2005-2013	AMALENDU JYOTISHI	economics,ecological economics,agricultural industry
3	2005-2010	BIKSHAM GUJJA	water management,water policy
3	2005-2019	L VENKATACHALAM	environmental economics,behavioral economics,economic theory
3	2005-2013	AMIT BHADURI	developmental economics,welfare economics,political economy
3	2005-2019	RAJINDER CHAUDHARY	state,cooperatives,business
3	2005-2011	P S VIJAY SHANKAR	development economics,political economy,history of economic thought
3	2006-2019	C R BIJOY	political economy,social movements,marxism
3	2006-2010	PRIYA SANGAMESWARAN	development studies,environmental studies
3	2007-2015	ANWAR SADAT	medicinal herbs,solar cell
3	2007-2019	KASTURI DAS	economic policy,climate policy,trade policy
3	2007-2019	KULBHUSHAN BALOONI	environment policy,resource policy,development policy
3	2007-2011	JOAN MARTINEZ-ALIER	waste,degrowth,delhi
3	2007-2017	A NARAYANAMOORTHY	irrigation economics,rural evaluation studies,agricultural economics
3	2008-2010	T N NARASIMHAN	water systems,water policy
3	2009-2016	TEJAL KANITKAR	global warming,water,low carbon growth strategies
3	2009-2011	D RAGHUNANDAN	
3	2009-2016	RADHIKA KHOSLA	sustainable development,geography,urban transitions
3	2009-2018	SUDHIR CHELLA RAJAN	development studies,climate change,political economy
3	2009-2010	SAGARI R RAMDAS	
3	2009-2017	K V RAO	climate change,watershed climate change
3	2009-2018	ASHOK SREENIVAS	energy policy,climate change,fossil fuels
3	2009-2014	ARCHITESH PANDA	economics,climate change,agriculture
3	2009-2019	SEEMA KULKARNI	peace and conflict,ambedkar,gandhian thought
3	2010-2017	RANJANA PADHI	feminism, and feminist theory, class and inequality
3	2010-2017	SHANKAR GOPALAKRISHNAN	forest rights acts,political economy,people's movements
3	2011-2012	ARUPJYOTI SAIKIA	history of assam,humanities and social sciences
3	2011-2014	SACHIN SRIDHARA	wildlife,ecology,conservation
3	2011-2014	SAUDAMINI DAS	climate change,ecological economics
3	2011-2018	N H RAVINDRANATH	social aspects of sustainability,corporate sustainability,sustainable urbanism
3	2012-2016	SHANKAR SHARMA	power policy
3	2013-2016	MADHUSUDAN BANDI	decentralization,developmental studies,forest management
3	2013-2016	AJAY DANDEKAR	history
3	2013-2016	R SEENIVASAN	development studies,water resources (engineering),law
3	2014-2019	NEHA DURGA	water management,agriculture
3	2015-2019	D SURESH KUMAR	civil engineering,sewaga treatment
3	2016-2019	AMRITA SEN	cultural sociology,urban planning
3	2016-2019	VEENA SRINIVASAN	
3	2016-2018	SUBHASHREE BANERJEE	climate change and environment economics
3	2017-2017	NITIN D RAI	political ecology,tiger conservation,forest management
3	2018-2019	AVINASH PERSAUD	finance,public policy,risk management
2	1968-1970	P P MADAPPA	
2	1970-1989	V V BHATT	development economics
2	1970-2004	SAMUEL PAUL	india,public expenditures,deficits
2	1971-1996	RAJNI KOTHARI	political science,poitical theory
2	1973-1996	B B VOHRA	public policy,land use,water management
2	1974-1977	K KRISHNA PRASAD	
2	1975-1976	P G K PANIKAR	economics,development studies
2	1976-1980	P B GHATE	appropriate technology
2	1979-1980	S D KULKARNI	
2	1979-1982	AKBAR S AHMED	islamic studies
2	1979-1988	K P KANNAN	development economics
2	1980-1980	A R KAMAT	education and social change
2	1981-1997	KANNAN SRINIVASAN	anthropology,history,political economy
2	1983-1983	VINOD K HURIA	development studies,planning,rural development
2	1983-1983	S GUHAN	development studies
2	1983-2017	R NAGARAJ	economics
2	1983-2010	R G GIDADHUBLI	
2	1984-2016	ANISUR RAHMAN	
2	1985-1987	PRADHAN H PRASAD	development studies
2	1985-2009	GHAYUR ALAM	environmental studies,rural development
2	1987-1988	S R RAMASWAMY	gandhian studies,ecology
2	1987-2013	M S S PANDIAN	history
2	1988-1993	YOGINDER K ALAGH	economics,rural management
2	1988-1998	K PUSHPANGADAN	economics
2	1989-2011	K G KUMAR	tourism
2	1989-2008	A G NOORANI	law
2	1989-1990	ANANT R S PHADKE	public health
2	1989-2000	GABRIELE DIETRICH	sociology,feminist studies
2	1990-2009	ASHOK GULATI	agricultural economics
2	1990-1991	INDU BHARTI	
2	1990-1991	SATYABAN SARKAR	waste management,climate change
2	1991-1994	S RAMANATHAN	
2	1991-1991	ARUL MENEZES	education
2	1991-2003	AMITABH KUNDU	population studies,economics
2	1991-1991	APARNA VISWANATHAN	
2	1992-2005	BELA BHATIA	human rights,development studies
2	1992-2006	GANESH PANGARE	ecosystems management
2	1992-2017	SYED AJMAL PASHA	forest management
2	1992-2000	D N DHANAGARE	sociology,farmers' movements
2	1992-1992	BISWAJIT DHAR	intellectual property law,foreign direct investment ( fdi ),intellectual property rights
2	1992-2002	KRIPA SHANKAR	
2	1992-2016	ASEEM SHRIVASTAVA	economic history,ecological economics,environmental sustainability
2	1993-1994	K ARAVINDAKSHAN	sustainable development
2	1993-1994	M S RATHORE	development studies
2	1993-2002	KARAM SINGH	agricultural technology,renewable energy
2	1994-2002	ARINDAM BANIK	agricultural economics
2	1994-2006	SANJAY SANGVAI	dams,water management,social movements
2	1994-2008	SUKHPAL SINGH	agricultural economics
2	1994-1995	P R SESHAGIRI RAO	biodiversity management
2	1994-2019	H M DESARDA	agricultural economics
2	1994-1996	ASHWINI CHHATRE	climate change adaptation,political ecology (anthropology),globalization
2	1995-2009	AROMAR REVI	sustainable development,environmental sustainability,development studies
2	1995-2019	SUMAN SAHAI	biotechnology,agricultural economics
2	1995-1995	J MOHAN RAO	economics
2	1995-2016	ABHIJIT SEN	economics
2	1995-2002	B SUDHAKARA REDDY	energy policy,climate change,urban management
2	1996-2010	S PARASURAMAN	rural development,water management
2	1996-2004	DEBARANJAN SARANGI	development studies,tribal studies
2	1996-1996	M G G PILLAI	political science
2	1996-2010	RUTH MEINZEN-DICK	economics,sustainability studies
2	1996-1997	V SARAVANAN	central asia,urban health,urban planning
2	1996-2005	MAHESH RANGARAJAN	history,conservation
2	1996-2000	K RAVI SRINIVAS	biotechnology
2	1997-2017	MAARTEN BAVINCK	marine resource management
2	1997-2017	FREDERICK NORONHA	development studies
2	1997-2003	FREDERIC F CLAIRMONT	economic history,geopolitics,economics
2	1997-2005	SHEKHAR PATHAK	history
2	1997-1998	GOPINATH PRADHAN	
2	1997-2002	AMBUJ SAGAR	science and technology policy,environmental policy,development policy
2	1997-2010	SHANTANU DIXIT	energy policy
2	1997-2007	VISHWA BALLABH	economics,political economy
2	1998-2008	RINKI SARKAR	livelihoods,ecosystem studies
2	1998-2015	K T RAMMOHAN	history of development,political economy,economic history
2	1998-1999	TAPAN KUMAR MISHRA	tourism
2	1999-2001	DIPAK GYAWALI	dams,political economy,water management
2	1999-2000	VIJAY LAXMI	
2	2000-2008	D BANDYOPADHYAY	economics
2	2000-2000	JISHNU DAS	economics,public health
2	2000-2005	INDRA MUNSHI	sociology,tribal studies
2	2000-2003	MAHABUB HOSSAIN	rural development,development studies
2	2000-2011	K V RAJU	development studies,sustainable development
2	2000-2002	B S CHIMNI	law
2	2000-2008	JAMES PETRAS	development studies,leadership,religion
2	2000-2007	R PARTHASARATHY	
2	2001-2010	JOHN BRISCOE	water management
2	2002-2018	S RAJENDRAN	
2	2002-2009	DEBNARAYAN SARKER	economics
2	2002-2007	PURNENDU S KAVOORI	
2	2002-2008	MADHU RAMNATH	sociology
2	2002-2009	G S GANESH PRASAD	water management
2	2002-2007	NISAR A KHAN	urbanism,and urban conservation
2	2002-2003	EMMANUEL D'SILVA	waste management,conservation,agriculture
2	2002-2011	BHAGIRATH BEHERA	environmental and natural resource economics,sustainable development,energy economics
2	2003-2005	HARIPRIYA GUNDIMEDA	climate change,biodiversity,environmental policy
2	2003-2003	REKHA KRISHNAN	social order,interaction rituals,entrepreneurship
2	2003-2007	G VIJAY	economics
2	2003-2012	VIKRAM SONI	
2	2003-2007	GANESH KAWADIA	
2	2003-2004	SANDEEP SINGH	
2	2003-2005	MANISH TIWARY	
2	2004-2010	MARK GIORDANO	science and technology,international affairs
2	2004-2006	R S SIDHU	
2	2004-2012	VAMSI VAKULABHARANAM	economic development,inequality,political economy
2	2004-2004	CHRISTOPHER SCOTT	
2	2004-2006	P M PRASAD	
2	2004-2006	K SIVASUBRAMANIYAN	
2	2004-2011	SAMIR NAZARETH	
2	2004-2005	RAJEEV KHER	
2	2004-2005	RAHUL RANADE	
2	2004-2014	ANU MUHAMMAD	economics,energy management
2	2004-2007	JAYESH TALATI	water management
2	2005-2007	ROMILA THAPAR	history
2	2005-2012	M D MADHUSUDAN	wildlife conservation
2	2005-2012	R RAMESH	indian ocean,glacial geology,fire ecology
2	2005-2007	RAVI KUMAR	sociology,social movements,sociology of education
2	2005-2007	MANISH SHRIVASTAVA	philosophy of social science,public management,organizational theory
2	2005-2015	SURINDER S JODHKA	sociology
2	2005-2013	HARSH MANDER	human rights
2	2005-2019	VINEETHA MENON	
2	2005-2018	SEEMA PURUSHOTHAMAN	ecological economics,agrarian studies
2	2005-2016	DINESH K MAROTHIA	water management,develoment studies
2	2005-2011	K ULLAS KARANTH	wildlife conservation
2	2005-2018	ISHA RAY	economics,water management,gender
2	2005-2009	LIGIA NORONHA	sustainability. waste management
2	2005-2013	RUCHA GHATE	traditional knowledge,governance,public policy
2	2006-2008	R RAVINDRANATH	water management
2	2006-2010	SUNIL RAY	philosophy,psychology,economics
2	2006-2014	KAVERI GILL	water management,development studies
2	2006-2018	ANJAL PRAKASH	climate change,water management,gender
2	2006-2006	RICHARD GROVE	history
2	2006-2006	VINITA DAMODARAN	history
2	2006-2009	KIM BEAZLEY	
2	2006-2010	RAKESH TIWARY	water management,development studies
2	2006-2012	V ANITHA	
2	2006-2015	A S BHULLAR	agricultural economics,water management
2	2006-2017	R V RAMA MOHAN	water management
2	2006-2015	KRITHIKA SRINIVASAN	human geography,human-animal studies. political ecology
2	2006-2007	RAHUL PANDEY	shavadan earth sheltered houses,architecture and urbanism,urban design
2	2007-2008	SHARACHCHANDRA LÉLÉ	economics,sustainable development,india
2	2007-2008	FABIAN GAIOLI	climate change
2	2007-2014	ABDUL SHABAN	economics,regional development
2	2007-2007	LEAH TEMPER	ecological conflicts,land use,mining and energy
2	2007-2012	PREETI SAMPAT	anthropology,sociology,india
2	2007-2010	K S KAVI KUMAR	agricultural economics
2	2007-2016	PAVEL CHAKRABORTY	economics,development economics,international trade
2	2008-2014	PRITAM SINGH	rural and regional development
2	2008-2009	AADITYA MATTOO	international economics,development
2	2008-2009	ARVIND SUBRAMANIAN	economics
2	2008-2015	MICHAEL GREENSTONE	economics
2	2008-2012	INDIRA HIRWAY	economics,development studies
2	2009-2009	S S RAJU	agricultural economics,energy policy
2	2009-2019	BIDHAN KANTI DAS	sociology,forest rights
2	2009-2010	MARIO D'SOUZA	
2	2009-2014	AVINASH KISHORE	development economics,environmental economics,agricultural economics
2	2009-2009	HEMANT P	water management
2	2009-2013	KAILAS SARAP	
2	2009-2013	TAPAS KUMAR SARANGI	
2	2009-2011	ANANYA MUKHERJEE	gender studies,indian studies,narratology
2	2009-2016	NILANJAN GHOSH	poverty and inequality
2	2009-2012	LALITHA KAMATH	urban planning,local governance and planning
2	2009-2010	NIDHI SRIVASTAVA	immunobiology,histochemistry,electron microscopy
2	2010-2012	SOURISH JHA	environmental studies,environmental justice,environmentalism
2	2010-2015	DEBI GOENKA	development studies,earth sciences,mangroves
2	2010-2017	ALPA SHAH	anthropology,gender,social anthropology
2	2010-2011	RANJIT DESHMUKH	energy systems,energy policy,energy access
2	2010-2011	ASHWIN GAMBHIR	renewable energy,electricity regulation,climate change
2	2010-2016	KALPANA KANNABIRAN	law,social movements,gender studies
2	2010-2017	TARSH THEKAEKARA	geography,ecology,conservation biology
2	2010-2013	MAJED AKHTER	geopolitics,environment,development
2	2010-2015	M A OOMMEN	economics,devemopment studies
2	2011-2011	PRAFUL BIDWAI	peace,global justice,human rights
2	2011-2014	ANINDITA SARKAR	geography,environmental sustainability,sustainable agriculture
2	2011-2016	KANNAN KASTURI	
2	2011-2015	SMITHA RAO	environment and development,social work,geography
2	2011-2014	SHIBANI GHOSH	law,wildlife conservation,right to information
2	2011-2015	KADIRI MOHAN	agricultural economics
2	2011-2015	S RAMAN	
2	2011-2018	INDU K MURTHY	climate change,adaptation,vulnerability profiling
2	2011-2018	RUTH KATTUMURI	public policy,sustainable development,population studies
2	2012-2015	SARATH GUTTIKUNDA	climate change,pollution
2	2012-2017	RADHIKA KRISHNAN	mining,development induced displacement,land acquisition
2	2012-2015	MANSHI ASHER	forest rights,gender,development studies
2	2012-2014	MILIND SOHONI	development economics
2	2012-2015	SUJITH KOONAN	law,human rights
2	2013-2018	TASHINA ESTEVES	decision making for sustainable technologies,biotechnology,environmental sustainability
2	2013-2017	DARSHINI MAHADEVIA	urban poverty,urban development,data analysis
2	2013-2016	SURENDER KUMAR	
2	2013-2014	SHALINI BHUTANI	law,trade,biodiversity
2	2013-2016	KIRIT S PARIKH	economics,development studies
2	2013-2014	ANU JOGESH	climate change
2	2014-2017	KUNDAN KUMAR	
2	2015-2019	DUNU ROY	food security,poverty,epidemiology
2	2015-2017	SOUMITRA GHOSH	health policy,health economics,health care financing
2	2015-2017	NIGAM	political philosophy,political theory,postcolonial studies
2	2015-2016	PAROMITA GOSWAMI	green marketing
2	2016-2016	RAJESWARI S RAINA	agricultural economics,development studies
2	2016-2018	SUCHA SINGH GILL	development economics,international economics
2	2016-2017	M P RAM MOHAN	nuclear energy,nuclear energy law,environmental law
2	2016-2017	NEEMA PATHAK BROOME	wildlife conservation,tribal studies,forest rights
2	2016-2017	SARMISTHA PATTANAIK	political ecology,land acquisition and governance,livelihoods and sustainability
2	2016-2018	ARIJIT GANGULY	water management,energy policy
2	2018-2019	J HARSHA	water management
2	2019-2019	SHREYA CHAKRABORTY	gender studies,sociology of development,industrial sociology
2	2019-2019	MANOJ JATAV	agriculture,development studies,water management
1	1966-1966	C S	
1	1966-1966	K M BHATIA	
1	1967-1967	V K R RAO	economics
1	1967-1967	A GUPTA	
1	1968-1968	K C ALEXANDER	sociology,social movements
1	1968-1968	K V SUBRAHMANYAM	mining
1	1968-1968	BAGARAM TULPULE	social movements,trade unions,labour
1	1968-1968	S SENGUPTA	
1	1968-1968	M G GHOSH	agricultural economics
1	1968-1968	RALPH W CUMMINGS	agricultural economics,agrigultural policy
1	1968-1968	ROBERT W HERDT	agricultural economics,agrigultural policy
1	1968-1968	S K RAY	
1	1968-1968	SRISH CHANDRA PATNAIK	development studies,economics
1	1968-1968	DUNCAN B FORRESTER	theology
1	1968-1968	ISHWAR DAYAL	clinical psychology,organisational behavior
1	1968-1968	ASHOK V DESAI	economics
1	1968-1968	RAMESH K BHATIA	
1	1969-1969	A B GHOSH	coal mining
1	1969-1969	R P DORE	economic sociology
1	1969-1969	C C MAJI	agricultural economics
1	1969-1969	J S KANWAR	agricultural science
1	1969-1969	N K JAISWAL	
1	1969-1969	U K VYAS	
1	1969-1969	N G DASTANE	agriculture,water management
1	1969-1969	MARTIN H BILLINGS	gender,rural development,industrialisation
1	1969-1969	ARJAN SINGH	
1	1969-1969	W DAVID HOPPER	agriculture,public policy
1	1969-1969	WAYNE H FREEMAN	agriculture
1	1969-1969	V M DANDEKAR	economics
1	1969-1969	DEEPAK LAL	economics
1	1969-1969	P C MAHALANOBIS	public policy,development
1	1969-1969	JAYAKUMAR ANAGOL	water management
1	1970-1970	N J JHAVERI	economics
1	1970-1970	NAVROZ MODY	social movements
1	1970-1970	MAHESH BHATT	
1	1970-1970	V K CHAVADA	industrialisation, economics
1	1970-1970	P K MUKHERJEE	geology,environmental studies,and hydrology.
1	1970-1970	MARTIN E ABEL	agricultural policy,planning
1	1970-1970	AMALENDU GUHA	economics,history
1	1970-1970	K V PATEL	
1	1970-1970	N T PATEL	
1	1970-1970	DONALD A WILLIAMS	economics
1	1970-1970	B SEN	
1	1970-1970	MOHAN SINGHAL	
1	1970-1970	HAROLD A GOULD	sociology
1	1971-1971	JOHN W MELLOR	agricultural economics
1	1971-1971	T V MOORTI	water management
1	1971-1971	THOMAS E WEISSKOPF	economics
1	1971-1971	IGNACY SACHS	economics
1	1971-1971	R CHANDIDAS	political science
1	1971-1971	RANJIT K SAU	economics
1	1971-1971	N BHATTACHARYA	history
1	1971-1971	G S CHATTERJEE	economics
1	1971-1971	SUDHIR DESHPANDE	
1	1971-1971	AMIYA BAGCHI	economic history
1	1971-1971	P K SAHA	
1	1971-1971	MARY C CARRAS	political science
1	1971-1971	W ERIC GUSTAFSON	water management
1	1971-1971	RICHARD B REIDINGER	water management
1	1972-1972	V L MOTE	development studies
1	1972-1972	B G SHAH	economics
1	1972-1972	R M MOHANA RAO	economics
1	1972-1972	P JAGANNADHA ACHARLU	economics
1	1972-1972	ANIL CHATTERJEE	economics
1	1972-1972	GURCHARAN DAS	economics
1	1972-1972	M A SALEEM KHAN	international relations,politics
1	1972-1972	PHILIP THOMAS	economics
1	1973-1973	M KRISHNAN	biodiversity
1	1973-1973	WILLIAM DIAMOND	economics
1	1973-1973	RAVI GULHATI	economics
1	1973-1973	B V CHITNIS	energy management
1	1974-1974	B V RANGARAO	energy management,public policy
1	1974-1974	S N GHOSH	political science
1	1974-1974	K WILLIAM EASTER	economics
1	1974-1974	C R PRASAD	energy management
1	1974-1974	A K N REDDY	energy management,appropriate technologies
1	1974-1974	UMA RAMASWAMY	economic sociology
1	1974-1974	P S APPU	public policy
1	1974-1974	SUSANNE HOEBER RUDOLPH	political science
1	1974-1974	C RANGARAJAN	economics
1	1974-1974	CHARAN D WADHVA	economics
1	1975-1975	GOURANGA P CHATTOPADHYAY	behavioral science,psychology
1	1975-1975	RAJ CHANDIDAS	political science
1	1975-1975	RAMESH BHATIA	economics
1	1975-1975	MEERA MEHTA	urban development
1	1975-1975	MICHEL CARTILLIER	economics,agriculture
1	1975-1975	N KRISHNAJI	public policy
1	1975-1975	CHITRA SIVAKUMAR	sociology
1	1975-1975	TUSHAR RANJAN PATRANABIS	water management
1	1976-1976	G K HELLEINER	economics
1	1976-1976	R S GANAPATHY	public policy
1	1976-1976	T V G KRISHNAMURTHY	public policy
1	1976-1976	R V RAGAVAN	public policy
1	1976-1976	FOLKER FROBEL	labour
1	1976-1976	JURGEN HEINRICHS	labour
1	1976-1976	OTTO KREYE	labour
1	1977-1977	NORMAN REYNOLDS	public policy,economics
1	1977-1977	PUSHPA SUNDAR	gender,economics
1	1977-1977	MALCOLM S ADISESHIAH	development economics
1	1977-1977	T N SRINIVASAN	economics
1	1977-1977	N S S NARAYANA	economics,public policy
1	1978-1978	NAZIM A KAZMI	
1	1978-1978	S L SHETTY	economics
1	1978-1978	NITISH R DE	economics
1	1979-1979	MADHAVA ASHISH	agriculture
1	1980-1980	TILOTTOMA MISRA	
1	1980-1980	MRIDULA MUKHERJEE	history
1	1980-1980	MANU N KULKARNI	public policy
1	1980-1980	G R KULKARNI	economics
1	1981-1981	B L MAHESHWARI	economics
1	1981-1981	ATUL GOSWAMI	economics
1	1981-1981	P TERHAL	economics
1	1981-1981	LIAQAT ALI	economics
1	1981-1981	T K JAYARAMAN	water management
1	1981-1981	D C WADHWA	economics
1	1981-1981	VINOD VYASULU	economics
1	1981-1981	S RAJAGOPALAN	economics
1	1981-1981	D M NACHANE	economics
1	1981-1981	P R CHARY	economics
1	1981-1981	V V SUBBARAO	economics
1	1982-1982	SATYA PRAKASH SINGH	economics
1	1982-1982	JAYANT V DESHPANDE	economics
1	1982-1982	DAVID G MANDELBAUM	sociology
1	1982-1982	D SHARMA	agricultural economics
1	1982-1982	V C V RATNAM	water management
1	1982-1982	BEN CROW	development sociology,water management
1	1982-1982	LINCOLN C CHEN	developmment studies,health
1	1983-1983	KEYA DASGUPTA	economics,history
1	1983-1983	JOSE GOLDEMBERG	energy policy
1	1983-1983	G S BHALLA	economics,development studies
1	1983-1983	Y K ALAGH	economics,rural management
1	1983-1983	MONI NAG	sociology,health
1	1983-1983	D NAGBRAHMAM	agricultural economics
1	1983-1983	SHREEKANT SAMBRANI	agricultural economics
1	1983-1983	K N RAJ	economics
1	1983-1983	C GOPALAN	public health
1	1984-1984	RAJIV BHARTARI	forest management,development studies
1	1984-1984	C P CHANDRASEKHAR	economics
1	1984-1984	SHOBHITA JAIN	sociology,gender studies
1	1984-1984	HOWARD J BAUMGARTEL	development studies
1	1984-1984	RUKHSANA PATHAN	development studies
1	1984-1984	BADAL ROY	development studies
1	1984-1984	GOPAL KHANDELWAL	development studies
1	1985-1985	RANJIT SAU	economics
1	1985-1985	HRUSHIKESH PANDA	economics
1	1985-1985	V N REDDY	economics
1	1985-1985	RADHIKA RAMASUBBAN	sociology,public health
1	1985-1985	NIGEL CROOK	sociology
1	1985-1985	VARUN VIDYARTHI	political science
1	1985-1985	K A SHANKARNARAYAN	economics
1	1985-1985	H C BOHRA	economics
1	1985-1985	P K GHOSH	economics
1	1985-1985	PRANAB BARDHAN	economics
1	1985-1985	V J PATEL	agricultural economics,development studies
1	1986-1986	V NATH	economics
1	1986-1986	C S PANDAV	public health
1	1986-1986	N KOCHUPILLAI	public health
1	1986-1986	M G KARMARKAR	public health
1	1986-1986	L M NATH	public health
1	1986-1986	DIETER ERNST	economics
1	1986-1986	P SIVANANDAN	development studies
1	1986-1986	SUNANDA SEN	economics
1	1986-1986	VENKATESH B ATHREYA	development economics
1	1986-1986	GUSTAV BÖKLIN	development economics
1	1986-1986	GÖRAN DJURFELDT	development economics
1	1986-1986	STAFFAN LINDBERG	development economics
1	1986-1986	A P SAXENA	economics
1	1986-1986	HARRY W BLAIR	political science,development studies
1	1987-1987	S GANESH	science
1	1987-1987	D M ATTWOOD	sociology
1	1987-1987	B S BAVISKAR	sociology
1	1987-1987	SANDEEP BAGCHEE	development studies
1	1987-1987	RADHA KUMAR	development studies,urbanisation
1	1987-1987	D M CHANDRASHEKHAR	forest management,development studies
1	1987-1987	B V KRISHNA MURTI	forest management,development studies
1	1987-1987	ANIL CHATURVEDI	economics,development studies
1	1987-1987	SHEKHAR GHOSH	political science,international relations
1	1987-1987	SURINDER JETLEY	sociology
1	1987-1987	CHRISTOPHER U HILL	development studies
1	1987-1987	SUSAN G HADDEN	political science,public policy
1	1988-1988	PAUL KURIAN	development studies
1	1988-1988	I Y R KRISHNA RAO	development studies
1	1988-1988	N VIJAY JAGANNATHAN	development studies
1	1988-1988	ANIMESH HALDER	development studies
1	1988-1988	MATHEW KALATHIL	development studies
1	1988-1988	PRAFULL ANUBHAI	development studies
1	1988-1988	NAGMANI RAO	development studies
1	1988-1988	JAMES K BOYCE	economics
1	1988-1988	B V NIMBKAR	agricultural science
1	1988-1988	K VENGAMA RAJU	development studies,public policy
1	1988-1988	JYOTSNA PARANJAPE	development studies
1	1989-1989	MALABIKA DAS GUPTA	development studies
1	1989-1989	BINA AGARWAL	economics,gender
1	1989-1989	RANI DHAVAN SHANKARDASS	history
1	1989-1989	XAVIER DIAS	development studies
1	1989-1989	LOUISE P FORTMANN	sociology,political ecology,rural development
1	1989-1989	SALLY K FAIRFAX	sociology,political ecology,forest management
1	1990-1990	KALPANA SHARMA	development studies,gender
1	1990-1990	PARITA MUKTA	development studies
1	1990-1990	S DHARA	
1	1990-1990	PRADEEP K SHARMA	agricultural economics
1	1990-1990	HANNAN EZEKIEL	economics,development studies
1	1990-1990	JOHANN C STUYT	economics,development studies
1	1990-1990	VINOD RAINA	environmental science
1	1990-1990	SAILENDRA NATH GHOSH	development studies
1	1990-1990	K P SUNNY	public transport
1	1990-1990	BABA AMTE	development studies
1	1990-1990	GOPAL GURU	political science
1	1990-1990	SHASHI BHUSHAN UPADHYAY	history
1	1990-1990	V S PHADKE	development studies
1	1990-1990	AMANDA BICKEL	air pollution
1	1990-1990	ANNIE MAKHIJANI	air pollution
1	1990-1990	SATYAJIT K SINGH	water management,dams
1	1990-1990	N SWAMINATHAN	water management,dams
1	1991-1991	P D BIDINGER	development studies
1	1991-1991	T S WALKER	development studies
1	1991-1991	B SARKAR	development studies
1	1991-1991	A RAM MURTHY	development studies
1	1991-1991	P BABU	development studies
1	1991-1991	G O	
1	1991-1991	SURENDAR SINGH	rural development,water management
1	1991-1991	PRABHU PRASAD MOHAPATRA	history
1	1991-1991	V M RAO	development studies
1	1991-1991	SMITA	
1	1991-1991	S P SANGAL	water management
1	1991-1991	ARUNABHA GHOSH	social movements
1	1991-1991	VICTOR DAS	social movements
1	1992-1992	SHEILA ZURBRIGG	history,public health
1	1992-1992	P A SEBASTIAN	human rights
1	1992-1992	MICHAEL BURGESS	development studies
1	1992-1992	INDIRA	
1	1992-1992	RAHUL N RAM	water management,dams
1	1992-1992	PEGGY MOHAN	
1	1992-1992	R W PALMER-JONES	development studies
1	1992-1992	MARCUS H MOENCH	water management
1	1992-1992	C NIRANJAN RAO	economics
1	1992-1992	CHANDAN DATTA	water manangement,pollution
1	1992-1992	R THAMARAJAKSHI	economics
1	1992-1992	S B ROY	forest management
1	1992-1992	RITA BRARA	sociology
1	1993-1993	M THANGARAJ	water management
1	1993-1993	SUDIPTO MUNDLE	economics,public policy
1	1993-1993	H CHANDRASHEKAR	agricultural economics
1	1993-1993	GURBIR SINGH	
1	1993-1993	SUBIR SINHA	social movements politics,agriculture
1	1993-1993	RONALD HERRING	development studies,social movements politics,agriculture
1	1993-1993	DILIP H PARIKH	economics
1	1993-1993	AMRISH J VORA	economics
1	1993-1993	ELIZABETH WHITCOMBE	water management,history
1	1993-1993	H S SANDHU	development studies
1	1993-1993	NIRMAL SINGH	development studies
1	1993-1993	BALBIR KUMAR	development studies
1	1993-1993	MILOON KOTHARI	social movements,development studies
1	1993-1993	SRI MADHAVA ASHISH	agriculture
1	1993-1993	ASHISH CHADHA	development studies
1	1994-1994	L BALASUBRAMANIAM	
1	1994-1994	PIERRE AUDINET	energy policy
1	1994-1994	DOLLY ARORA	development studies,gender
1	1994-1994	SANDHYA VENKATESWARAN	public health
1	1994-1994	JASHBHAI PATEL	dams,water management
1	1994-1994	VANAJA RAMPRASAD	gender,agriculture,biodiversity
1	1994-1994	HELEN MATZGER	public health
1	1994-1994	RANJIT TIGGA	land use,development studies,forests
1	1994-1994	K SUBRAMANIAM	
1	1994-1994	P THOMAS	rural development,economics
1	1994-1994	AJIT KANITKAR	rural development,economics
1	1994-1994	SARA AHMED	rural development,economics
1	1994-1994	E MICHAEL JOHNSON	rural development,economics
1	1994-1994	S S A JAFRI	urban planning
1	1994-1994	G C HARCOURT	economics
1	1994-1994	S UNNIKRISHNAN	biodiversity,forest management
1	1994-1994	AKHILESHWAR PATHAK	law
1	1994-1994	GHANSHYAM SHAH	sociology,social movements
1	1994-1994	KUMUD SHARMA	gender,rural development
1	1995-1995	AMBROSE PINTO	rural development
1	1995-1995	BERIN LEEKAS	rural development
1	1995-1995	LATHA RADHAKRISHNAN	rural development
1	1995-1995	B JANARDHAN RAO	sociology,social movements
1	1995-1995	M BHARAT BHUSHAN	sociology,social movements
1	1995-1995	S N GUHA THAKURTA	labour studies
1	1995-1995	G K BHAT	development studies,public policy
1	1995-1995	SHASHI KOLAVALLI	development studies,public policy
1	1995-1995	VIDYA SAGAR	public policy,agriculture
1	1995-1995	JACQUES POUCHEPADASS	history
1	1995-1995	V SANTHAKUMAR	development studies,public policy,agriculture
1	1995-1995	R RAJAGOPALAN	development studies,public policy,agriculture
1	1995-1995	S AMBIRAJAN	development studies,public policy,agriculture
1	1995-1995	S CHANDRASHEKAR	development studies,economics
1	1995-1995	BEN ROGALY	human geography
1	1995-1995	SUGATA BOSE	history
1	1995-1995	MILLIE NIHILA	economics,gender studies
1	1995-1995	JAYATI GHOSH	economics
1	1995-1995	C P CHANDRESEKHAR	economics
1	1995-1995	SALONI SURI	development studies
1	1995-1995	NEENA SINGH	development studies
1	1995-1995	SHYAM DIVAN	law
1	1995-1995	ARVIND KUMAR JHA	biodiversity
1	1995-1995	STEPHEN REGO	forests,social movements
1	1995-1995	A K ROY	social movements,labour
1	1995-1995	ABHAS KUMAR JHA	development studies
1	1995-1995	SATINATH SARANGI	industrial pollution
1	1995-1995	MAHINDER CHAUDHRY	development studies
1	1995-1995	H JACK RUITENBEEK	economics
1	1995-1995	CYNTHIA M CARTIER	economics
1	1995-1995	SARAL SARKAR	social movements,development studies
1	1996-1996	NITA MISHRA	gender,food,india
1	1996-1996	S P WANI	agriculture
1	1996-1996	V K CHOPDE	agriculture
1	1996-1996	J FOSTER	agriculture
1	1996-1996	M CHANNA BASAVAIAH	social movements
1	1996-1996	WILLIAM STANLEY	development studies
1	1996-1996	S K PANT	water management
1	1996-1996	SMITU KOTHARI	politics,social movements
1	1996-1996	SMITHA	
1	1996-1996	MARIETTE CORREA	gender,development studies
1	1996-1996	RATNAKAR BHENGARA	mining,public policy
1	1996-1996	PRAKASH BAL	politics
1	1996-1996	VASANT KUMAR BAWA	alternative development,gandhian studies
1	1996-1996	MEYRA MENDOZA	water management
1	1996-1996	REKHA BANDYOPADHYAY	sociology
1	1996-1996	ANIRUDH BRAHMACHARI	forest management
1	1996-1996	KAILASH	
1	1996-1996	SHEFALI MOITRA	gender
1	1996-1996	MATHEW AREEPARAMPIL	mining
1	1996-1996	INDRA MUNSHI SALDANHA	history
1	1996-1996	RANAJIT DAS GUPTA	history
1	1996-1996	JEEMOL UNNI	labour economics,development studies
1	1996-1996	SUMIT ROY	globalisation,development
1	1996-1996	A PADMANABHAN	
1	1996-1996	ABHA MISHRA	sociology,forest management
1	1996-1996	NEERAJ PETER	sociology,forest management
1	1996-1996	ANAND PANDIAN	sociology
1	1996-1996	B L MUNGEKAR	agricultural economics
1	1996-1996	SURANJIT K SAHA	industrialisation,development studies
1	1997-1997	N RAJASEKARAN	rural development,agriculture
1	1997-1997	S AKBAR ZAIDI	political economy
1	1997-1997	C N RAY	pollution
1	1997-1997	SUJATA PATEL	sociology
1	1997-1997	P S VIJAYASANKAR	water management,agriculture
1	1997-1997	ROHIT PRAJAPATI	dams,water management
1	1997-1997	R V ANURADHA	law,climate change
1	1997-1997	CHANDRA JYOTI SONOWAL	sociology,forest management
1	1997-1997	MANAB CHAKRABORTY	biodiversity
1	1997-1997	RUKMINI BHAYA NAIR	literature
1	1997-1997	SUMANA DUTTA	forest management
1	1997-1997	JACOB NELLITHANAM	biodoversity
1	1997-1997	SHIV VISHVANATHAN	sociology
1	1997-1997	JOHN BYRNE	energy policy
1	1997-1997	CHANDRASEKHAR GOVINDARAJALU	energy policy
1	1997-1997	G P DESHPANDE	
1	1997-1997	MILIND KANDLIKAR	climate change
1	1997-1997	GOPAL NAIK	public policy,agriculture,rural development
1	1998-1998	PABLO GONZALEZ CASANOVA	
1	1998-1998	NEEMA PATHAK	wildlife conservation,tribal studies,forest rights
1	1998-1998	SATISH SABERWAL	sociology
1	1998-1998	V MANOJ	globalisation,development studies
1	1998-1998	KUNDA DIXIT	water management
1	1998-1998	INAM AHMED	water management
1	1998-1998	K RAMACHANDRAN	industrialisation,economics
1	1998-1998	STEEN FOLKE	political economy
1	1998-1998	RAJEN HARSHE	political science,international relations
1	1998-1998	V S VYAS	agricultural economics
1	1998-1998	G MURUGAN	economics,water management
1	1998-1998	C P VINOD KUMAR	political economy,mining
1	1998-1998	P G REVATHI	political economy,mining
1	1998-1998	JAN VANDEMOORTELE	development economics
1	1998-1998	ENRIQUE DELAMONICA	development economics
1	1998-1998	SANGHAMITRA MISRA	history
1	1998-1998	B S SIDHU	agricultural economics
1	1998-1998	O P RUPELA	agricultural economics
1	1998-1998	V BERI	agricultural economics
1	1998-1998	AJIT S BHALLA	globalisation,economics
1	1998-1998	DILIP M NACHANE	globalisation,economics
1	1998-1998	AMIYA KUMAR BAGCHI	economic history
1	1998-1998	DAVID HARDIMAN	history
1	1998-1998	KALIM SIDDIQUI	
1	1998-1998	JASPER GOSS	
1	1998-1998	RITA PANDEY	public policy,transport
1	1998-1998	KAUSTUVA BARIK	economics
1	1998-1998	T HAQUE	agricultural economics
1	1999-1999	VERONIQUE ALARY	agricultural economics
1	1999-1999	SHANTANU NAGPAL	agriculture
1	1999-1999	MICHAEL M CERNEA	development sociology
1	1999-1999	RICHARD B NORGAARD	economics
1	1999-1999	BIPLAB DASGUPTA	economics
1	1999-1999	VIRGINIUS XAXA	sociology,tribal studies
1	1999-1999	ASHOK EMANI	globalisation,agricultural economics
1	1999-1999	AFSAR H JAFRI	globalisation,agricultural economics
1	1999-1999	A R VASAVI	sociology
1	1999-1999	SHIV VISVANATHAN	sociology
1	1999-1999	AJAYA DIXIT	water management
1	1999-1999	W MARSHALL FRASIER	agricultural economics,water management
1	1999-1999	R K SAMPATH	agricultural economics,water management
1	1999-1999	B G KARLSSON	politics,wildlife conservation,development studies
1	1999-1999	HANS DEMBOWSKI	law
1	1999-1999	LUO DEMING	economics
1	1999-1999	MARK SELDEN	developent studies
1	1999-1999	M A SUNDARAM	
1	1999-1999	DEBARANJAN SARANGAI	development studies,tribal studies
1	1999-1999	ECOLOGICAL ECONOMICS UNIT	economics
1	1999-1999	SATYAKAM JOSHI	rural development,sociology
1	1999-1999	KIRK SMITH	air pollution
1	1999-1999	SHEELA PRASAD	geography,water management
1	1999-1999	MILIND S BOKIL	sociology,rural development
1	1999-1999	S G	
1	1999-1999	R R	
1	2000-2000	NIRUPAM BAJPAI	economics
1	2000-2000	NAVI RADJOU	globalisation
1	2000-2000	POORNIMA CHIKARMANE	waste management
1	2000-2000	LAKSHMI NARAYAN	waste management
1	2000-2000	L S ARAVINDA	globalisation,dams
1	2000-2000	JAWAHAR THAKUR	rural development,development studies
1	2000-2000	MANIK L BOSE	rural development,development studies
1	2000-2000	A JANAIAH	rural development,development studies
1	2000-2000	MAHI PAL	rural development
1	2000-2000	DINABANDHU BAG	
1	2000-2000	SHENGGEN FAN	rural development,agricultural economics
1	2000-2000	PETER HAZELL	rural development,agricultural economics
1	2000-2000	S K THORAT	rural development,agricultural economics
1	2000-2000	EMMANUEL BON	rural development,agricultural economics
1	2000-2000	KAMESHWAR CHOUDHARY	globalisation,development sociology
1	2000-2000	ERROL D'SOUZA	economics
1	2000-2000	PRADIP BAIJAL	water management
1	2000-2000	P K SINGH	water management
1	2000-2000	SVATI JOSHI	gender,development studies
1	2000-2000	SWASTI MITTER	gender,development studies
1	2000-2000	SOHINI SENGUPTA	gender,development studies
1	2000-2000	G S HARIPRIYA	climate change,biodiversity,environmental policy
1	2000-2000	ARUNDHUTI ROY CHOUDHURY	development studies
1	2000-2000	TRACEY BRIEGER	dams,water management
1	2000-2000	ALI SAUER	dams,water management
1	2000-2000	M MADHAVA PRASAD	cultural studies
1	2000-2000	RUSTOM BHARUCHA	cultural studies
1	2000-2000	DARRYL D'MONTE	pollution,industrialisation
1	2000-2000	JOHN KURIEN	fisheries,development studies
1	2000-2000	RAJESH	
1	2000-2000	TONY BECK	rural development
1	2000-2000	MADAN G GHOSH	rural development
1	2001-2001	WANG QINGHUA	forest management
1	2001-2001	RAMASWAMY IYER	dams,water management
1	2001-2001	DURGADAS MUKHOPADHYAY	forest management
1	2001-2001	B VENKATESH KUMAR	public policy
1	2001-2001	CHETAN VAIDYA	urban planning
1	2001-2001	BRAD JOHNSON	urban planning
1	2001-2001	WENDY NELSON ESPELAND	economic sociology
1	2001-2001	PEEYUSH BAJPAI	water management
1	2001-2001	LAVEESH BHANDARI	public health
1	2001-2001	ARABINDA SAMANTA	history
1	2001-2001	JANET AHNER RUBINOFF	fisheries
1	2001-2001	VIKAS RAWAL	agricultural economics,development economics,rural development
1	2001-2001	RADHA GOPALAN	science
1	2001-2001	MICHAEL R DOVE	sociology,development studies
1	2001-2001	DAVID MOLDEN	water management
1	2001-2001	R SAKTHIVADIVEL	water management
1	2001-2001	DAVID SECKLER	water management
1	2001-2001	SANJAY KUMAR	
1	2001-2001	YU XIAOGANG	forest management,water management
1	2001-2001	PRADEEP KUMAR	political science
1	2001-2001	S K DATTA	biodiversity
1	2001-2001	NILEEN PUTATUNDA	water management
1	2001-2001	B P SINGH	politics
1	2001-2001	PANKAJ SEKHSARIA	forest management
1	2001-2001	PAUL BURKETT	economics
1	2001-2001	UTKARSH GHATE	politics
1	2001-2001	AMITAVA MUKHERJEE	air pollution,agriculture
1	2001-2001	MEERA JAYASWAL	air pollution,agriculture
1	2001-2001	SUDIPTA RAY	air pollution,agriculture
1	2001-2001	BRATINDI JENA	air pollution,agriculture
1	2001-2001	AMOL PHADKE	energy policy
1	2001-2001	JOHN O'NEILL	economics
1	2002-2002	MEENA BHARGAVA	history
1	2002-2002	NIMAI DAS	gender,forest management
1	2002-2002	MICHAEL LEWIS	politics
1	2002-2002	RIAZ AHMAD	
1	2002-2002	SAJLA KALRA	agriculture
1	2002-2002	SANGHAMITRA MAHANTY	wildlife conservation
1	2002-2002	B MALLIK	water management,dams
1	2002-2002	M MANDAL	water management,dams
1	2002-2002	S PERVEEN	water management,dams
1	2002-2002	TOMS JOSEPH	globalisation,trade
1	2002-2002	GEORGE K THARIAN	globalisation,trade
1	2002-2002	P ABRAHAM	globalisation,trade
1	2002-2002	CHARUL BHARWADA	water management
1	2002-2002	VINAY MAHAJAN	water management
1	2002-2002	RAMA SAMPATH KUMAR	politics,international relations
1	2002-2002	H S SIDHU	agricultural economics
1	2002-2002	DEBA RANJAN SARANGI	development studies,tribal studies
1	2002-2002	RITA SHARMA	rural development,agriculture
1	2002-2002	SWAPAN K BHATTACHARYA	economics
1	2002-2002	ANIL C SHAH	agriculture
1	2002-2002	SHASHI L KOLAVALLI	water management
1	2002-2002	JOHN KERR	water management
1	2002-2002	USHA RAMKUMAR	gender
1	2002-2002	B NAGNATH	forest management
1	2002-2002	BRIAN LOBO	forest management
1	2002-2002	PRADIP K BHAUMIK	economics
1	2003-2003	R UMA MAHESHWARI	mining,forests,conservation
1	2003-2003	YAN GUO	climate change
1	2003-2003	SURUCHI BHADWAL	water management
1	2003-2003	AKRAM JAVED	water management
1	2003-2003	SHALEEN SINGHAL	water management
1	2003-2003	S SREEKESH	water management
1	2003-2003	APARNA SAWHNEY	law,pollution
1	2003-2003	STEVE RAYNER	politics
1	2003-2003	V RANGANATHAN	energy policy
1	2003-2003	HAIMANTI BISWAS	pollution,rural development
1	2003-2003	SHYAM KARMAKAR	pollution,rural development
1	2003-2003	ARUP KUMAR SEN	
1	2003-2003	SUDARSHAN IYENGAR	development studies
1	2003-2003	SIMON DALBY	politics,international relations
1	2003-2003	KISHOR C SAMAL	fisheries
1	2003-2003	SHIBALAL MEHER	fisheries
1	2003-2003	J CYRIL KANMONY	water management
1	2003-2003	NATASHA NONGBRI	history
1	2003-2003	SUNIL KUMAR KARN	development studies
1	2003-2003	SHIGEO SHIKURA	development studies
1	2003-2003	HIDEKI HARADA	development studies
1	2003-2003	ANNA LOWENHAUPT TSING	sociology
1	2003-2003	SUGUNA PATHY	sociology,tribal studies,development
1	2003-2003	NILAKANTHA RATH	water management
1	2003-2003	TRAN THI UT	rural development,development studies
1	2003-2003	ALDAS JANAIAH	rural development,development studies
1	2003-2003	JOHN SOUSSAN	water management
1	2003-2003	PRAMOD KULKARNI	water management
1	2003-2003	MILIND BOKIL	sociology,rural development
1	2003-2003	UMESH TRIPATHY	agriculture
1	2003-2003	DILBAGH KAUR	agriculture
1	2003-2003	RAMESHCHANDRA MAHESWARI	agriculture
1	2003-2003	MARCO CORSI	economics
1	2003-2003	SANKAR RAY	water pollution
1	2003-2003	PROSENJIT DEY CHAUDHURY	public transport,urban studies
1	2003-2003	SACHIN CHATURVEDI	law,trade
1	2003-2003	GUNJAN NAGPAL	law,trade
1	2003-2003	DAVID LUDDEN	history
1	2003-2003	SUDHA PAI	politics
1	2003-2003	MATHEW KURIAN	forest management
1	2003-2003	TON DIETZ	forest management
1	2003-2003	K S MURALI	
1	2003-2003	P L DASH	politics,international relations
1	2003-2003	MIKE LEVIEN	development sociology
1	2003-2003	V S SARAVANAN	water management
1	2003-2003	JÓZSEF BÖRÖCZ	politics
1	2003-2003	B K GANGULY	forest management,rural development
1	2003-2003	KALPANA CHAUDHARY	forest management,rural development
1	2003-2003	G ASHA	gender,public health
1	2003-2003	YAMINI GUPT	air pollution,urban studies
1	2003-2003	MICHAEL THOMPSON	cultural studies,climate change
1	2003-2003	AMREETA REGMI	water management
1	2003-2003	K SHANKAR	water management
1	2003-2003	SANT KUMAR	agriculture
1	2003-2003	SURESH PAL	agriculture
1	2003-2003	R K RAO	forest management,tribal studies
1	2003-2003	S R SANKARAN	forest management,tribal studies
1	2004-2004	BISRAT ALEMU	agricultural economics,water management
1	2004-2004	MAHADEV G BHAT	agricultural economics,water management
1	2004-2004	RAISUDDIN AHMED	agriculture
1	2004-2004	A M SHALJAN	development studies
1	2004-2004	RITU RAO	politics
1	2004-2004	KRISHNAYAN SEN	law,wildlife conservation
1	2004-2004	YOGESH GOKHALE	forest management
1	2004-2004	S N SRINIVAS	rural development,alternative technologies
1	2004-2004	C K JALAJAKSHI	rural development,alternative technologies
1	2004-2004	ABHIJIT GHOSE	forest management
1	2004-2004	JINXIA WANG	water management
1	2004-2004	JOGINDER SINGH	agriculture
1	2004-2004	JAYANTI ALAM	water management
1	2004-2004	MADHUMATI DUTTA	forest management
1	2004-2004	SOUVANIC ROY	forest management
1	2004-2004	SHUBHAYU SAHA	forest management
1	2004-2004	DIBYENDU S MAITY	forest management
1	2004-2004	TONY HERBERT	mining
1	2004-2004	STEPHANIE BUECHLER	water management
1	2004-2004	ROHINI CHATURVEDI	development policy
1	2004-2004	WALTER FERNANDES	development policy
1	2004-2004	MANORAMA SAVUR	sociology,forest management
1	2004-2004	SURESH BALAKRISHNAN	economics,development studies
1	2004-2004	K GOPAKUMAR	economics,development studies
1	2004-2004	SITA SEKHAR	economics,development studies
1	2004-2004	M VIVEKANANDA	economics,development studies
1	2004-2004	SHANTAYANAN DEVARAJAN	economics
1	2004-2004	SHEKHAR SHAH	economics
1	2004-2004	C P GEEVAN	politics
1	2004-2004	T PRASAD	water management
1	2004-2004	SANJIV J PHANSALKAR	water management
1	2004-2004	SOWMYA SIVAKUMAR	politics
1	2004-2004	ERIC KERBART	politics
1	2004-2004	RANJITHA PUSKUR	agricultural economics,rural development
1	2004-2004	JETSKE BOUMA	agricultural economics,rural development
1	2004-2004	LOKESH SINGHAL	water management
1	2004-2004	PABITRA RATH	water management
1	2004-2004	P RADHAKRISHNAN	politics
1	2004-2004	A K PAT	economics
1	2004-2004	SHAMA PERVEEN	water management
1	2004-2004	JOYASHREE ROY	economics
1	2004-2004	SUBHORUP CHATTOPADHYAY	economics
1	2004-2004	SABYASACHI MUKHERJEE	economics
1	2004-2004	MANIKARNIKA KANJILAL	economics
1	2004-2004	SREEJATA SAMAJPATI	economics
1	2004-2004	SANGHAMITRA ROY	economics
1	2004-2004	AMRITA SHARMA	water management
1	2004-2004	RAHUL SINGH	water management
1	2004-2004	P C JOSHI	development studies
1	2004-2004	GIRIJA SHRESTHA	forest management
1	2004-2004	U C JHA	politics,international relations
1	2004-2004	CHARU GUPTA	politics,international relations
1	2005-2005	S THOLKAPPIAN	economics
1	2005-2005	ATANU CHAKRABORTY	energy policy
1	2005-2005	MADHURI KRISHNASWAMY	law,tribal studies
1	2005-2005	SATYAPRIYA ROUT	water management
1	2005-2005	VIJAY DIWAN	water management
1	2005-2005	HAJARA SHAIK	water
1	2005-2005	MADHOO PAVASKAR	economics
1	2005-2005	TAPAN R MOHANTY	water management,politics
1	2005-2005	ADIL HASAN KHAN	water management,politics
1	2005-2005	SUDHIR KUMAR KATIYAR	energy policy
1	2005-2005	GAIL OMVEDT	sociology,gender,globalisation
1	2005-2005	BHASKAR VIRA	forest management
1	2005-2005	SOHEL FIRDOS	development studies
1	2005-2005	MOHIT GERA	forest management
1	2005-2005	GIRESH MOHAN	forest management
1	2005-2005	POOJA NEGI	forest management
1	2005-2005	N S BISHT	forest management
1	2005-2005	G NARENDRANATH	agricultural economics
1	2005-2005	UMA SHANKARI	agricultural economics
1	2005-2005	K RAJENDRA REDDY	agricultural economics
1	2005-2005	AMULYA K N REDDY	alternative development,energy policy
1	2005-2005	MADHU SARIN	politics,tribal studies,forest management
1	2005-2005	K RAVI RAMAN	law,political ecology
1	2005-2005	KEERTI IYENGAR	public health,gender
1	2005-2005	ANNU JALAIS	political ecology
1	2005-2005	RENU KHANNA	public health,gender
1	2005-2005	SANJEEVA KUMAR	political ecology
1	2005-2005	PHANINDRA GOYARI	agricultural economics,water management
1	2005-2005	ANTONYTO PAUL	water management
1	2005-2005	K N NAIR	water management
1	2005-2005	VIJAYA GUPTA	climate change
1	2005-2005	TORSTEIN BYE	economics,energy policy
1	2005-2005	EINAR HOPE	economics,energy policy
1	2005-2005	MUHAMMED SIYAD A C	water management,international relations
1	2005-2005	C H SHAH	economics,water management
1	2005-2005	ANNAPURNA SHAW	urban studies
1	2005-2005	VINAY LAL	history
1	2005-2005	JAMES JACOB	climate change
1	2005-2005	SUBRAMANYA NAIRY	mining
1	2005-2005	P PRUDHVIKAR REDDY	water management
1	2005-2005	KOKICHI ITO	energy studies
1	2005-2005	LI ZHIDONG	energy studies
1	2005-2005	RYOICHI KOMIYAMA	energy studies
1	2005-2005	BISWARANJAN MOHANTY	development studies,tribal studies
1	2005-2005	ARVIND KEJRIWAL	water management
1	2005-2005	F A SHAHEEN	water management
1	2005-2005	R L SHIYANI	water management
1	2005-2005	NALINI NAYAK	development studies
1	2006-2006	BINAYAK DAS	water
1	2006-2006	AWADHENDRA SHARAN	urban studies
1	2006-2006	RAJESH SINHA	water management,international relations
1	2006-2006	ERIC TOUSSAINT	politics,development studies
1	2006-2006	MAHENDRA BIJARNIA	water management
1	2006-2006	RAJARSHI MITRA	conservation,coastal areas
1	2006-2006	RABINDRA N BHATTACHARYA	conservation,coastal areas
1	2006-2006	SUGATA HAZRA	conservation,coastal areas
1	2006-2006	S C SANTRA	conservation,coastal areas
1	2006-2006	ASHESH AMBASTA	agriculture,rural development
1	2006-2006	GREGOR MEERGANZ VON MEDEAZZA	water management
1	2006-2006	P D JEROMI	development studies
1	2006-2006	MALAVIKA CHAUHAN	water management
1	2006-2006	R K SAMA	water management
1	2006-2006	CHETAN KUMAR	forest manangement,conservation,biodiversity
1	2006-2006	S N LELE	water management
1	2006-2006	R K PATIL	water management
1	2006-2006	DEEP JOSHI	agriculture,rural development
1	2006-2006	S GALAB	agriculture
1	2006-2006	K N SELVARAJ	agriculture
1	2006-2006	C RAMASAMY	agriculture
1	2006-2006	TARIQUE NIAZI	sociology
1	2006-2006	URVASHI NARAIN	air pollution,urban studies
1	2006-2006	RUTH GREENSPAN BELL	air pollution,urban studies
1	2006-2006	NAZRUL ISLAM	water management
1	2006-2006	SULOCHANA GADGIL	agriculture
1	2006-2006	SIDDHARTHA GADGIL	agriculture
1	2006-2006	MOHAN GURUSWAMY	economics
1	2006-2006	RONALD JOSEPH ABRAHAM	economics
1	2006-2006	P K MURALEEDHARAN	wildlife conservation
1	2006-2006	A S BINILKUMAR	wildlife conservation
1	2006-2006	INDIRA KHURANA	water management,international relations
1	2006-2006	U SANKAR	globalisation
1	2006-2006	BARBARA VAN KOPPEN	water management
1	2006-2006	S LAXMAN RAO	tribal studies
1	2006-2006	PRIYA DESHINGKAR	tribal studies
1	2006-2006	JOHN FARRINGTON	tribal studies
1	2006-2006	BETWA SHARMA	water management,dams
1	2006-2006	DEEPAK KUMAR DAS	water management
1	2006-2006	RITAMBHARA HEBBAR	forest management,tribal studies
1	2006-2006	A RAJAGOPAL	water management
1	2006-2006	N JAYAKUMAR	water management
1	2006-2006	PANKAJ LAL	water management
1	2006-2006	KAMALDEO SINGH	water management
1	2006-2006	KAPILDEO PRASAD	water management
1	2006-2006	PRAVEEN SINGH	water pollution
1	2006-2006	ARNAB SEN	forest management,tribal studies
1	2006-2006	ESTHER LALHRIETPUI	forest management,tribal studies
1	2006-2006	M CHANDRASEKHARA RAO	water
1	2006-2006	VINOD GOUD	water
1	2006-2006	SHRUTI VISPUTE	water
1	2006-2006	HELMUT HABERI	ecological economics
1	2006-2006	FRIDOLIN KRAUSMANN	ecological economics
1	2006-2006	SIMONE GINGRICH	ecological economics
1	2006-2006	SUBROTO DHAR	rural development
1	2006-2006	MISHA SINGH	politics
1	2006-2006	SHEKHAR SINGH	politics
1	2006-2006	TIRTHANKAR ROY	history,agriculture
1	2006-2006	SHRINIVAS BADIGER	rural development,agticulture
1	2006-2006	J RAMA RAO	fisheries,water pollution
1	2006-2006	P UMESH	fisheries,water pollution
1	2006-2006	ARCHANA S MATHUR	economics,globalisation
1	2006-2006	PRADEEP KR GUIN	economics,globalisation
1	2007-2007	NEHAL A FAROOQUEE	forest management
1	2007-2007	R K MAIKHURI	forest management
1	2007-2007	DANIELA RUSSI	energy,rural development
1	2007-2007	SARA ATTARI	water management,dams
1	2007-2007	SUSHMITA CHATTERJEE	air pollution,transport
1	2007-2007	KISHORE K DHAVALA	air pollution,transport
1	2007-2007	EPW RESEARCH FOUNDATION	
1	2007-2007	SREERUPA RAY	agriculture
1	2007-2007	DHRUBAJYOTI GHOSH	agriculture
1	2007-2007	CLIVE L SPASH	climate change
1	2007-2007	AJAY GUDAVARTHY	politics
1	2007-2007	B SURESH REDDY	agriculture
1	2007-2007	KAIVALYA DESAI	water management,dams
1	2007-2007	VINEET JAIN	water management,dams
1	2007-2007	P SRIKANT	water management,dams
1	2007-2007	UPMANYU TRIVEDI	water management,dams
1	2007-2007	ANSHU BHARADWAJ	climate change
1	2007-2007	MAKOTO INOUE	forest management
1	2007-2007	MALINI BHATTACHARYA	industrialisation
1	2007-2007	MICHAEL KOEBERLEIN	climate change
1	2007-2007	SACHIN JOSHI	climate change
1	2007-2007	ALOYSIUS P FERNANDEZ	rural development
1	2007-2007	SANJAY SUBRAHMANYAM	history
1	2007-2007	H S SHERGILL	agriculture
1	2007-2007	PRAYAS ENERGY GROUP	energy policy
1	2007-2007	DALIA E WAHDAN	development studies
1	2007-2007	SUDARSHAN RODRIGUEZ	coastal management
1	2007-2007	AARTHI SRIDHAR	coastal management
1	2007-2007	PARVATHI VASUDEVAN	
1	2007-2007	DEBASHIS CHAKRABORTY	law,water pollution
1	2007-2007	SAMANTAK DAS	climate change,economics
1	2007-2007	DRIPTO MUKHOPADHYAY	climate change,economics
1	2007-2007	SANJIB POHIT	climate change,economics
1	2007-2007	NARESH KUMAR	law,air pollution
1	2007-2007	ANDREW D FOSTER	law,air pollution
1	2007-2007	PRIYA BHALLA	water management
1	2007-2007	CHANDRARAO MORE	energy
1	2007-2007	SARAG J SAIKIA	energy
1	2007-2007	RANGAN BANERJEE	energy
1	2007-2007	ARTI AHUJA	public health
1	2007-2007	DHAVAL PANDYA	water management
1	2007-2007	PATRICK NUSSBAUMER	climate change,economics
1	2008-2008	MILIND WANI	forest management
1	2008-2008	SMITA MISRA	water management,economics
1	2008-2008	BISHWANATH GOLDAR	water management,economics
1	2008-2008	KALINGA TUDOR SILVA	history,public health
1	2008-2008	JEAN-PHILIPPE VENOT	water management
1	2008-2008	LAXMAN D SATYA	history
1	2008-2008	NILIKA MEHROTRA	sociology,water management
1	2008-2008	S M PATNAIK	sociology,water management
1	2008-2008	DIVYA BADAMI RAO	energy policy
1	2008-2008	K S JOMO	economics
1	2008-2008	RUDIGER VON ARNIM	economics
1	2008-2008	MANIPADMA JENA	water pollution
1	2008-2008	ANKIT PATEL	water management
1	2008-2008	ROGER JEFFERY	
1	2008-2008	NIDHI SINGAL	
1	2008-2008	R S DESHPANDE	agriculture
1	2008-2008	SUJATA MUKHERJEE	history,public health
1	2008-2008	KARIN ASTRID SIEGMANN	
1	2008-2008	LEKHA S CHAKRABORTY	water management,economics
1	2008-2008	J MARTINEZ-ALIER	economics
1	2008-2008	JONATHAN PARRY	sociology
1	2008-2008	CHRISTIAN STRUEMPELL	sociology
1	2008-2008	MANJEET KAUR	agriculture,economics
1	2008-2008	H S KINGRA	agriculture,economics
1	2008-2008	CARL RISKIN	economics
1	2008-2008	TANYA JAKIMOW	sociology
1	2008-2008	S SRIRAMAN	economics,public transport
1	2008-2008	ESTHER DUFLO	air pollution,development economics
1	2008-2008	REMA HANNA	air pollution,development economics
1	2008-2008	HUGH BRAMMER	water pollution
1	2008-2008	RAJEEV SINGH	climate change
1	2008-2008	ROOPA MADHAV	water management,economics
1	2008-2008	CLIFTON D'ROZARIO	water management,economics
1	2008-2008	SUBHRANGSU GOSWAMI	water management,economics
1	2008-2008	PRADEEP KUMAR MISHRA	water management
1	2008-2008	WILLIAM JOE	public health,economics
1	2009-2009	P SHINOJ	agricultural economics,energy policy
1	2009-2009	VARUN RAI	climate change
1	2009-2009	DAVID G VICTOR	climate change
1	2009-2009	ANANTH P CHIKKATUR	energy policy
1	2009-2009	AMBUJ D SAGAR	energy policy
1	2009-2009	LUCIAN PEPPELENBOS	biodiversity
1	2009-2009	PRABIR PURKAYASTHA	climate change
1	2009-2009	RAJBANS TALWAR	climate change
1	2009-2009	V K NATRAJ	development studies
1	2009-2009	SATYA PRAKASH DASH	development studies
1	2009-2009	ROHINI SOMANATHAN	development economics
1	2009-2009	SUMIT SARKAR	industrialisation
1	2009-2009	TANIKA SARKAR	industrialisation
1	2009-2009	PATRICK HODDER	climate change
1	2009-2009	BRIAN MARTIN	climate change
1	2009-2009	M SOUBADRA DEVY	urban studies
1	2009-2009	SAVITHA SWAMY	urban studies
1	2009-2009	ARAVIND N A	urban studies
1	2009-2009	EMMA MAWDSLEY	social movements
1	2009-2009	DEEPSHIKHA MEHRA	social movements
1	2009-2009	VENKATESH UPADHYAY	water management
1	2009-2009	NANCY BIRDSALL	climate change,international relations
1	2009-2009	VIJAY JOSHI	climate change,economics
1	2009-2009	URJIT R PATEL	climate change,economics
1	2009-2009	MEERA VELAYUDHAN	gender,development studies
1	2009-2009	SAPNA DESAI	public health
1	2009-2009	C MADEGOWDA	forest management,biodiversity
1	2009-2009	INDRANIL DE	water management
1	2009-2009	DEVESH KAPUR	climate change
1	2009-2009	PRATAP BHANU MEHTA	climate change
1	2009-2009	PRASHANT BHUSHAN	law
1	2009-2009	N CHANDRASEKHARA RAO	biotechnology,agriculture
1	2009-2009	PARTHA MUKHOPADHYAY	urban studies
1	2009-2009	MAHESH C PUROHIT	economics
1	2009-2009	VISHNU KANTA PUROHIT	economics
1	2009-2009	MALINI RANGANATHAN	water management
1	2009-2009	VINAY BAINDUR	water management
1	2009-2009	MOUSHUMI BASU	mining
1	2009-2009	MADHAV G BADAMI	urban studies,transport
1	2009-2009	VYOM RAGHUVANSHI	law
1	2009-2009	P K MISHRA	water management
1	2009-2009	G R KORWAR	water management
1	2009-2009	B VENKATESWARLU	water management
1	2009-2009	V U M RAO	water management
1	2009-2009	M OSMAN	water management
1	2009-2009	DALJIT SINGH	climate change
1	2009-2009	MILINDO CHAKRABARTI	forest management
1	2009-2009	SAMAR K DATTA	forest management
1	2009-2009	PRASANTA DAS	cultural studies
1	2009-2009	GOVIND BHATTACHARYA	economics
1	2009-2009	ANANT R PHADKE	energy policy
1	2009-2009	GANGA SHREEDHAR	agriculture,development studies
1	2009-2009	R C JAIN	agriculture,development studies
1	2009-2009	DIVYA DATT	economics
1	2009-2009	P V SRIDHARAN	economics
1	2009-2009	SHASHI R SINGH	development studies
1	2009-2009	SUNALI ROHRA	politics,energy policy
1	2009-2009	NIGEL SINGH	politics,energy policy
1	2009-2009	ANTOINE LASGORCEIX	development studies
1	2009-2009	MANORANJAN MOHANTY	political science
1	2009-2009	ASISH GUPTA	
1	2010-2010	SIRISHA C NAIDU	economics
1	2010-2010	PANAYIOTIS T MANOLAKOS	economics
1	2010-2010	SUHIT K SEN	political science
1	2010-2010	JULIEN-FRANÇOIS GERBER	social movements
1	2010-2010	JAIRAM RAMESH	political science
1	2010-2010	VANASHREE	cultural studies
1	2010-2010	PRIYA SHYAMSUNDAR	climate change
1	2010-2010	A ARIVUDAI NAMBI	climate change
1	2010-2010	A CHRISTY WILLIAMS	wildlife conservation
1	2010-2010	VIKAL SAMDARIYA	wildlife conservation
1	2010-2010	GAUTAM S PATEL	urban studies
1	2010-2010	PRAMODINI PRADHAN	development studies
1	2010-2010	D MANJIT	development studies
1	2010-2010	KAREN COELHO	urban studies
1	2010-2010	NITHYA V RAMAN	urban studies
1	2010-2010	ASHWIN KUMAR	energy policy
1	2010-2010	SAIRAM BHAT	law
1	2010-2010	K S SUBRAMANIAN	
1	2010-2010	MEHER ENGINEER	climate change
1	2010-2010	D RAVI KANTH	economics
1	2010-2010	SMRITI DAS	forest management
1	2010-2010	RAHUL GOSWAMI	economics
1	2010-2010	A R VENKATACHALAPATHY	history
1	2010-2010	DANIEL TAGHIOFF	climate change
1	2010-2010	N MADHUSUDHAN	politics
1	2010-2010	S ASHALATHA	politics
1	2010-2010	M PAVAN KUMAR	politics
1	2010-2010	ADITYA NIGAM	politics
1	2010-2010	MODHUMITA ROY	cultural studies
1	2010-2010	ABHIJIT BANERJEE	development economics
1	2010-2010	SHIRISH B PATEL	urban studies
1	2010-2010	SUNNY JOSE	public health
1	2010-2010	K NAVANEETHAM	public health
1	2010-2010	MONICA DAS GUPTA	public health
1	2010-2010	B R DESIKACHARI	public health
1	2010-2010	RAJENDRA SHUKLA	public health
1	2010-2010	T V SOMANATHAN	public health
1	2010-2010	P PADMANABAN	public health
1	2010-2010	SACCHIDANANDA MUKHERJEE	economics
1	2010-2010	ARVIND VIRMANI	economics
1	2010-2010	PARTHA RAY	economics
1	2010-2010	GOMATHY BALASUBRAMANIAN	water management,dams
1	2010-2010	NEIL PADUKONE	climate change
1	2010-2010	PERSPECTIVES	
1	2010-2010	SANJAY GUBBI	wildlife conservation
1	2010-2010	SRINIVASAN RAMANI	politics
1	2010-2010	MUKESH ANAND	economics
1	2010-2010	GEETISHA DASGUPTA	development studies
1	2010-2010	ISHITA DEY	development studies
1	2010-2010	V K GAUR	water management
1	2010-2010	BABU P REMESH	labour studies
1	2010-2010	C P VINOD	labour studies
1	2010-2010	M LATHIKA	water management
1	2010-2010	SMITA GUPTA	politics
1	2010-2010	BRIJESH C PUROHIT	public health
1	2010-2010	CHRISTIAN BRÜTSCH	energy policy
1	2010-2010	MATTHEW HULBERT	energy policy
1	2010-2010	NISHA TANEJA	economics
1	2010-2010	SHELLEY FELDMAN	agriculture
1	2010-2010	STEPHEN BIGGS	agriculture
1	2010-2010	RAJESWARI RAINA	agriculture
1	2010-2010	JYOTHIS SATHYAPALAN	forest management
1	2011-2011	S MANASI	water management
1	2011-2011	INGRID NESHEIM	water management
1	2011-2011	NAGOTHU UDAYA SEKHAR	water management
1	2011-2011	SARVA DHARMA SANSAD	
1	2011-2011	MONTEK S AHLUWALIA	economics
1	2011-2011	SAVYASAACHI	forest management
1	2011-2011	MICHELLE CHAWLA	social movements
1	2011-2011	GEENTANJOY SAHU	law,social movements
1	2011-2011	ROMA	forest management
1	2011-2011	RAVI REBBAPRAGADA	forest management
1	2011-2011	VASAVI KIRO	forest management
1	2011-2011	JARJUM ETE	forest management
1	2011-2011	KATHLEEN O'REILLY	
1	2011-2011	K A S MURSHID	economics
1	2011-2011	A K VERMA	politics
1	2011-2011	DITEE MONI BARUAH	politics
1	2011-2011	PUSHPAM KUMAR	economics
1	2011-2011	SUHASINI SEN	
1	2011-2011	GAUTAM PINGLE	agriculture
1	2011-2011	M GOPINATH REDDY	forest management,tribal studies
1	2011-2011	K ANIL KUMAR	forest management,tribal studies
1	2011-2011	P TRINADHA RAO	forest management,tribal studies
1	2011-2011	OLIVER SPRINGATE-BAGINSKI	forest management,tribal studies
1	2011-2011	MARGREET ZWARTEVEEN	water management,gender
1	2011-2011	ANANT MARINGANTI	urban studies
1	2011-2011	CHETAN PANDIT	water management
1	2011-2011	CHANDRIKA SHARMA	coastal management
1	2011-2011	TIKENDER SINGH PANWAR	agriculture
1	2011-2011	DEEPA JOSHI	water management,gender
1	2011-2011	MAITHREYI KRISHNARAJ	gandhian studies
1	2011-2011	SUCHISMITA DAS	development studies
1	2011-2011	NILANJANA BISWAS	fisheries,gender
1	2011-2011	VIPUL MUDGAL	media,rural development
1	2011-2011	BRAJA BANDHU SWAIN	agriculture
1	2011-2011	ANAND TELTUMBDE	politics
1	2011-2011	PULAK MISHRA	economics
1	2011-2011	NARAYAN C NAYAK	economics
1	2011-2011	SUNDERRAJAN KRISHNAN	water management
1	2011-2011	VARAD PANDE	climate change
1	2011-2011	K R KAKUMANU	water management
1	2011-2011	NARENDRA KUMAR TRIPATHI	politics
1	2011-2011	SANJAY SRIVASTAVA	urban studies
1	2011-2011	M V K SIVAMOHAN	economics
1	2011-2011	V NIRANJAN	economics
1	2011-2011	RAKESH TIWARI	economics
1	2011-2011	H I SOMASHEKHAR	economics
1	2011-2011	V R RAMAKRISHNA PARAMA	economics
1	2011-2011	M S MOHAN KUMAR	economics
1	2011-2011	B K MOHAN KUMAR	economics
1	2011-2011	HARSHAD PARATE	economics
1	2011-2011	MURARI VARMA	economics
1	2011-2011	SUMEDHA MALAVIYA	economics
1	2011-2011	ANANYA S RAO	economics
1	2011-2011	ASMITA SENGUPTA	economics
1	2011-2011	SHRI KRISHAN	water management
1	2012-2012	RAJU J DAS	politics
1	2012-2012	SHEETAL SEKHRI	economics
1	2012-2012	J SCHOLTENS	international relations
1	2012-2012	M BAVINCK	international relations
1	2012-2012	A S SOOSAI	international relations
1	2012-2012	PATRIK OSKARSSON	mining
1	2012-2012	SANJIB BARUAH	water management,dams
1	2012-2012	V M RAVI KUMAR	history,forest management
1	2012-2012	JYOTSNA KRISHNAKUMAR	forest management
1	2012-2012	JEFFERSON FOX	forest management
1	2012-2012	NITIN RAI	wildlife conservation
1	2012-2012	SONAL SHAH	social movements
1	2012-2012	UDAYON MISRA	politics
1	2012-2012	SWATHI SESHADRI	wildlife conservation
1	2012-2012	URSULA MÜNSTER	forest management,tribal studies
1	2012-2012	SUMA VISHNUDAS	forest management,tribal studies
1	2012-2012	IMTIAZ AHMED	water management,international relations
1	2012-2012	SETH SCHINDLER	waste management,urban studies
1	2012-2012	FEDERICO DEMARIA	waste management,urban studies
1	2012-2012	SHASHI B PANDIT	waste management,urban studies
1	2012-2012	DIVYA SINGH KOHLI	climate change
1	2012-2012	SHRUTI MITTAL	climate change
1	2012-2012	PRITPAL RANDHAWA	urban studies
1	2012-2012	ROMI KHOSLA	urban studies
1	2012-2012	NARPAT S JODHA	development studies
1	2012-2012	NAVEEN P SINGH	development studies
1	2012-2012	CYNTHIA S BANTILAN	development studies
1	2012-2012	N PURENDRA PRASAD	tribal studies,development studies
1	2012-2012	K LAXMINARAYANA	tribal studies,development studies
1	2012-2012	SUDHEER KILARU	tribal studies,development studies
1	2012-2012	RAVI AGARWAL	waste management,public policy
1	2012-2012	ASHIS NANDY	social theory
1	2012-2012	SUPRIYA SHARMA	tribal studies,development studies
1	2012-2012	R VENKATESAN	economics
1	2012-2012	NESAR AHMAD	mining,development studies
1	2012-2012	NIAZ AHMED KHAN	forest management
1	2012-2012	N C NARAYANAN	water management
1	2012-2012	GEETHA MATHEW	pollution
1	2012-2012	M K UNNIKRISHNAN	water pollution
1	2012-2012	LITUL BARUAH	water pollution
1	2012-2012	DIVYA VASUDEV	wildlife conservation
1	2012-2012	VARUN R GOSWAMI	wildlife conservation
1	2012-2012	V PUGAZHENDI	energy
1	2012-2012	VANDANA ASTHANA	development studies
1	2012-2012	NARAYAN SHARMA	history,forest management
1	2012-2012	ANINDYA SINHA	history,forest management
1	2012-2012	RANJIT HOSKOTE	urban studies
1	2012-2012	DEEPAK BHOJWANI	international relations
1	2012-2012	DIYA MEHRA	urban studies
1	2012-2012	G HARAGOPAL	politics
1	2012-2012	S R GOPIKRISHNA	agriculture
1	2012-2012	SRIDHAR VEDACHALAM	water management
1	2012-2012	LEON A MORENAS	urban studies
1	2012-2012	V KRISHANA ANANTH	mining
1	2012-2012	PARTHA SARATHI BANERJEE	agriculture
1	2012-2012	QUDSIYA CONTRACTOR	water management
1	2013-2013	IAN COOK	sociology,development studies
1	2013-2013	VIDYA DINKER	sociology,development studies
1	2013-2013	KALAIYARASAN A	
1	2013-2013	MARINA FORTI	international politics
1	2013-2013	MAYURI SENGUPTA	agriculture,tribal studies
1	2013-2013	ANWESHA BORTHAKUR	forest management
1	2013-2013	BHASKAR SINHA	rural development
1	2013-2013	S S ROY	rural development
1	2013-2013	BHASKAR RAO	rural development
1	2013-2013	SHASHIDHARKUMAR JHA	rural development
1	2013-2013	AJAY BHAN SINGH	rural development
1	2013-2013	PATIL VISHAL	rural development
1	2013-2013	SHARMA NITASHA	rural development
1	2013-2013	SHASHANKA RAO	rural development
1	2013-2013	MURTHY I K	rural development
1	2013-2013	RAJEEV SHARMA	rural development
1	2013-2013	ILONA PORSCHE	rural development
1	2013-2013	BASU K	rural development
1	2013-2013	SURESH GHATE	forest management,tribal studies
1	2013-2013	ELINOR OSTROM	forest management,tribal studies
1	2013-2013	SASHI SIVRAMKRISHNA	economics
1	2013-2013	SOIHIAMLUNG DANGMEI	tribal studies,sociology
1	2013-2013	LINA MATHIAS	
1	2013-2013	NITIN SEKAR	wildlife conservation
1	2013-2013	SHAHAJI NARAVADE	water management
1	2013-2013	DIVYA KARNAD	economics
1	2013-2013	TARUN NAIR	economics
1	2013-2013	JOMO KWAME SUNDARAM	economics
1	2013-2013	C J PERRY	water management
1	2013-2013	PRODIPTO GHOSH	climate change
1	2013-2013	RUTUL JOSHI	urban studies,public transport
1	2013-2013	ABHIJIT DATEY	urban studies,public transport
1	2013-2013	VISHAL K MEHTA	water management
1	2013-2013	RIMI GOSWAMI	water management
1	2013-2013	ERIC KEMP-BENEDICT	water management
1	2013-2013	SEKHAR MUDDU	water management
1	2013-2013	DEEPAK MALGHAN	water management
1	2013-2013	PARTHA DASGUPTA	economics
1	2013-2013	MANU V MATHAI	energy policy
1	2013-2013	LISA EKLUND	
1	2013-2013	PRADEEP PURANDARE	water management
1	2013-2013	SONALDE DESAI	public health,public policy
1	2013-2013	AMIT THORAT	public health,public policy
1	2013-2013	STUTI RAWAT	water management
1	2013-2013	ALANKAR	water management
1	2013-2013	R RADHAKRISHNA	development studies
1	2013-2013	PROBAL P GHOSH	agricultural economics
1	2013-2013	HANS P BINSWANGER-MKHIZE	agricultural economics
1	2013-2013	JOGINDRA NAIK	forest ,management,tribal studies
1	2013-2013	RAVI CHOPRA	development studies
1	2013-2013	B K SIDHU	international relations
1	2013-2013	D JAYARAJ	economics
1	2013-2013	GYANA RANJAN PANDA	water management,urban studies
1	2013-2013	TRISHA AGARWALA	water management,urban studies
1	2013-2013	HENRIK VALEUR	transport,air pollution
1	2013-2013	ANKITA AGGARWAL	rural development
1	2013-2013	ASHIMA SOOD	urban studies
1	2013-2013	ZORAWAR DAULET SINGH	international relations
1	2013-2013	BHIM REDDY	sociology,agriculture
1	2013-2013	ABHISHEK SHAW	sociology,agriculture
1	2013-2013	HOWARD SPODEK	urban studies
1	2013-2013	MANISHA JAIN	energy policy
1	2013-2013	ANAND PATWARDHAN	energy policy
1	2013-2013	AKSHIMA T GHATE	transport
1	2013-2013	S SUNDAR	transport
1	2014-2014	RADHA D'SOUZA	politics
1	2014-2014	J MARK BAKER	water management
1	2014-2014	BIKRAMADITYA KUMAR CHOUDHARY	public health,public policy
1	2014-2014	MATHEW K SEBASTIAN	biodiversity
1	2014-2014	P A AZEEZ	biodiversity
1	2014-2014	K RAMA PATNAIK	
1	2014-2014	HARPINDER SANDHU	coastal management
1	2014-2014	RAVINDRA PRATAP	
1	2014-2014	BIRAJA KABI SATAPATHY	water
1	2014-2014	PRATAP KISHORE MOHANTY	forest management,tribal studies
1	2014-2014	DODO J THAMPAPILLAI	economics
1	2014-2014	NUTAN MAURYA	public health
1	2014-2014	PARVATHY BINOY	gender
1	2014-2014	ROHIT PRASAD	economics
1	2014-2014	V SRIDHAR	economics
1	2014-2014	KISHORE JHA	water
1	2014-2014	RAPHAEL SUSEWIND	politics
1	2014-2014	RAHEEL DHATTIWALA	politics
1	2014-2014	BHARAT H DESAI	law,international relations
1	2014-2014	BALRAJ K SIDHU	law,international relations
1	2014-2014	SRINIVAS CHOKKAKULA	water management
1	2014-2014	LOK NATH BHUSAL	economics
1	2014-2014	P MADHU	conservation
1	2014-2014	HARSHA OOMMEN	conservation
1	2014-2014	SHYNU V C	conservation
1	2014-2014	DEVESH VIJAY	rural development
1	2014-2014	ARJIT DAS	agriculture
1	2014-2014	F S NARIMAN	
1	2014-2014	BANIKANTA MISHRA	mining
1	2014-2014	SAGARIKA MISHRA	mining
1	2014-2014	S P SHOREY	urban studies
1	2014-2014	FLORIANE CLEMENT	water management
1	2014-2014	SUVARNA CHANDRAPPAGARI	water management
1	2014-2014	M BALASUBRAMANIAN	climate change
1	2014-2014	NIDHI PRABHA TEWARI	energy policy
1	2014-2014	POOJA PRASAD	water management
1	2014-2014	VISHAL MISHRA	water management
1	2014-2014	ARJUN RATHVA	tribal studies
1	2014-2014	DHANANJAY RAI	tribal studies
1	2014-2014	N RAJARAM	tribal studies
1	2014-2014	SANCHITA B SAXENA	urban studies
1	2014-2014	GOWRI VIJAYAKUMAR	urban studies
1	2014-2014	MOHIT KAPOOR	climate change
1	2014-2014	DHANAPAL G	climate change
1	2014-2014	JYOTIRAJ PATRA	climate change
1	2015-2015	MICHAEL GIVEL	politics
1	2015-2015	TRISHANT SIMLAI	wildlife conservation
1	2015-2015	PARANJOY GUHA THAKURTA	politics
1	2015-2015	MADONNA THOMAS	water management
1	2015-2015	SATYARUPA SHEKHAR	water management
1	2015-2015	SRIHARI DUKKIPATI	energy policy
1	2015-2015	BRETT COHEN	energy policy
1	2015-2015	ITTY ABRAHAM	international relations
1	2015-2015	PETER RONALD DESOUZA	
1	2015-2015	ELIZABETH JOSEPH	development studies
1	2015-2015	SWATHI SOMAN	development studies
1	2015-2015	SUBHASH GATADE	sociology
1	2015-2015	ASHOK K LAHIRI	politics
1	2015-2015	AJAY SAINI	politics
1	2015-2015	ROBERT POLLIN	economics
1	2015-2015	SHOUVIK CHAKRABORTY	economics
1	2015-2015	MINQI LI	economics
1	2015-2015	ZHI LI	economics
1	2015-2015	A H NAYYAR	international relations
1	2015-2015	ZIA MIAN	international relations
1	2015-2015	K VISHNU MOHAN RAO	development studies
1	2015-2015	MANJUR ALI	
1	2015-2015	LOVLEEN BHULLAR	water management
1	2015-2015	IRSHAD A KHAN	forest management
1	2015-2015	ARAVINDHAN NAGARAJAN	biodiversity
1	2015-2015	GOUTHAM RADHAKRISHNAN	biodiversity
1	2015-2015	KAMAL K MURARI	biodiversity
1	2015-2015	PRIYA SINGH	wildlife conservation
1	2015-2015	GIRISH PUNJABI	wildlife conservation
1	2015-2015	G KAR	water management
1	2015-2015	R P S MALIK	water management
1	2015-2015	BHAGIRATHI PANDA	rural development
1	2015-2015	PRANAV SIDHWANI	water,urban studies
1	2015-2015	PILOT DOVIH	public health
1	2015-2015	CLEMENT BAYETTI	sociology
1	2015-2015	MAAN BARUA	sociology
1	2015-2015	NANDA KANNURI	sociology
1	2015-2015	SUMEET JAIN	sociology
1	2015-2015	SUSHRUT JADHAV	sociology
1	2015-2015	SRINATH RAGHAVAN	international relations
1	2015-2015	SUMANAS KOULAGI	rural development
1	2015-2015	SHOIBAL CHAKRAVARTY	climate change
1	2015-2015	SOE NANDAR LINN	development studies
1	2015-2015	C M LAKSHMANA	population studies
1	2015-2015	ADITHYA PRADYUMNA	public health
1	2015-2015	ANANT SUDARSHAN	air pollution
1	2015-2015	ANISH SUGATHAN	air pollution
1	2015-2015	JANHAVI NILEKANI	air pollution
1	2015-2015	NICHOLAS RYAN	air pollution
1	2015-2015	ROHINI PANDE	air pollution
1	2015-2015	MALINI NAMBIAR	development studies
1	2015-2015	ARJUN KUMAR	development studies
1	2015-2015	JASDEEP KAUR BEDI	water management,public health
1	2015-2015	R S GHUMAN	water management,public health
1	2015-2015	BHOOMIKA JOSHI	sociology
1	2015-2015	AMIYA KUMAR DAS	tribal studies
1	2015-2015	PUJA JAWAHAR	mining,air pollution
1	2016-2016	PANKAJ K P SHREYASKAR	water management
1	2016-2016	P S VIJAYSHANKAR	water management
1	2016-2016	VINOD K GAUR	politics
1	2016-2016	ROCHI KHEMKA	water management
1	2016-2016	ROHINI NILEKANI	water management
1	2016-2016	PRADIP KHANDWALLA	water management
1	2016-2016	RAJIV SINHA	water management
1	2016-2016	ALEXANDER L DENSMORE	water management
1	2016-2016	HOINU KIPGEN LAMTINHOI	climate change
1	2016-2016	H S MANGAT	water management
1	2016-2016	HIMANSHU PABREJA	law
1	2016-2016	DEBANJANA DEY	agricultural economics
1	2016-2016	PRAGATI JAIN	development studies
1	2016-2016	PRERNA JAIN	development studies
1	2016-2016	MEENA MENON	forest management,tribal studies
1	2016-2016	BRIJ GOPAL	water management
1	2016-2016	BAITALI GANGULY	gender
1	2016-2016	MICHAEL ERIC LYTTON	air pollution
1	2016-2016	ROBERT W COLLIN	air pollution
1	2016-2016	RAJESH KUMAR RAI	air pollution
1	2016-2016	REINMAR SEIDLER	development studies,disaster mitigation
1	2016-2016	KAMALJIT S BAWA	development studies,disaster mitigation
1	2016-2016	RASHMI NAYAR	energy policy
1	2016-2016	KUMAR V PRATAP	economics
1	2016-2016	HEMANTKUMAR A CHOUHAN	fisheries,coastal management
1	2016-2016	D PARTHASARATHY	fisheries,coastal management
1	2016-2016	POOJA VIJAY RAMAMURTHI	energy policy
1	2016-2016	PAUL DORFMAN	energy policy
1	2016-2016	K SIVARAMA KISHAN	water management
1	2016-2016	SHOURJOMOY CHATTOPADHYAY	water management
1	2016-2016	ANURADHA BHASIN JAMWAL	
1	2016-2016	SHIVANANDA SHETTY	public policy
1	2016-2016	GANESHPRASAD PAVASKAR	energy policy
1	2016-2016	VIBHUTI PATEL	gender
1	2016-2016	SURYA P SETHI	economics
1	2016-2016	MOLLICA DASTIDER	tribal studies
1	2016-2016	ALI AHMED	politics
1	2016-2016	ARIJITA DUTTA	public health
1	2016-2016	GITANJALI HAJRA	public health
1	2016-2016	SHYAMA V RAMANI	public health
1	2016-2016	ATUL DEULGAONKAR	agriculture
1	2016-2016	ANJALI JOSHI	agriculture
1	2016-2016	DEVA PRASAD M	law
1	2016-2016	JYOTI K PARIKH	climate change
1	2016-2016	NIVEDITA PATHAK	gender,public health
1	2016-2016	JALANDHAR PRADHAN	gender,public health
1	2016-2016	URVI DESAI	gender
1	2016-2016	MANASI KARTHIK	forest management,tribal studies
1	2016-2016	THOMAS ABRAHAM	public health
1	2016-2016	DINESH MOHAN	public transport
1	2016-2016	RAHUL GOEL	air pollution,transport
1	2016-2016	PALLAVI PANT	air pollution,transport
1	2016-2016	MADHU BHADURI	politics
1	2016-2016	ÉRIC DAUDÉ	public health
1	2016-2016	SUMIT MAZUMDAR	public health
1	2016-2016	SONAL SHARMA	sociology
1	2016-2016	AMITA SINGH	law
1	2016-2016	MATT BIRKINSHAW	water management,public policy
1	2016-2016	SUMANA DATTA	forest management
1	2016-2016	NEHA B JOSEPH	climate change
1	2016-2016	SARAH HILALY	history
1	2016-2016	MEENAKSHI RAMAN	climate change
1	2017-2017	KANIKA MAHAJAN	economics
1	2017-2017	TERPAN SINGH CHAUHAN	forest management,wildlife conservation
1	2017-2017	M S SELVARAJ	forest management,wildlife conservation
1	2017-2017	KESHAB CHANDRA RATHA	water management
1	2017-2017	SUSHANTA KUMAR MAHAPATRA	water management
1	2017-2017	MAAZ BIN BILAL	
1	2017-2017	SUPRABHA SESHAN	biodiversity
1	2017-2017	S A PRATHAPAR	water management
1	2017-2017	PRIYANSHU GUPTA	politics
1	2017-2017	ARNAB ROY-CHOWDHURY	politics
1	2017-2017	TANUSREE PAUL	water management,gender
1	2017-2017	ROOSEVELT SKERRIT	climate change
1	2017-2017	SANDEEP MERTIA	rural development
1	2017-2017	JAYASHREE DUBEY	urban studies,transport
1	2017-2017	RAJESH DUBEY	urban studies,transport
1	2017-2017	MONA CHETTRI	sociology,tribal studies
1	2017-2017	GYAN PRAKASH RAI	energy policy
1	2017-2017	RAHUL RATHOD	energy policy
1	2017-2017	JENNIE MILLER	wildlife conservation
1	2017-2017	JOHN D C LINNELL	wildlife conservation
1	2017-2017	VIDYA ATHREYA	wildlife conservation
1	2017-2017	SUBHARANJAN SEN	wildlife conservation
1	2017-2017	SHINOJ PARAPPURATHU	fisheries,economics
1	2017-2017	C RAMACHANDRAN	fisheries,economics
1	2017-2017	RICK ROWDEN	economics. energy policy
1	2017-2017	NEHA PANDE	development studies
1	2017-2017	KENNETH BO NIELSEN	development studies
1	2017-2017	HEATHER P BEDI	development studies
1	2017-2017	SOLANO DA SILVA	development studies
1	2017-2017	KEITH VARGHESE	air pollution
1	2017-2017	VYOMA JHA	climate change
1	2017-2017	MAITREESH GHATAK	economics
1	2017-2017	OLIVER VANDEN EYNDE	economics,fisheries
1	2017-2017	FENNA IMARA HOEFSLOOT	fisheries
1	2017-2017	MAX WASTIAUX	fisheries
1	2017-2017	ASMA YAQOOB	water management,international studies
1	2017-2017	KAREN HAYDOCK	economic sociology
1	2017-2017	ASHISH KARNAVAT	water management
1	2017-2017	NISHA VELAPPAN NAIR	wildlife conservation,politics
1	2017-2017	JOHN STEPHEN MOOLAKKATTU	wildlife conservation,politics
1	2017-2017	PRANAB RANJAN CHOUDHURY	agriculture
1	2017-2017	SUMITA SINDHI	agriculture
1	2017-2017	VINAY GIDWANI	waste management
1	2017-2017	JULIA CORWIN	waste management
1	2017-2017	NAYANIKA MATHUR	sociology
1	2017-2017	BUSHRA QUASMI	law
1	2017-2017	MIKE HULME	climate change
1	2017-2017	MEGHANA ESWAR	water management
1	2017-2017	BEJOY K THOMAS	water management
1	2017-2017	KAMEI APHUN	economic sociology
1	2017-2017	JAY PRAKASH SHARMA	economic sociology
1	2017-2017	SUVRAT RAJU	energy policy
1	2017-2017	ABI TAMIM VANAK	forest management
1	2017-2017	ANKILA J HIREMATH	forest management
1	2017-2017	JAYASHREE RATNAM	forest management
1	2017-2017	RAMAN SUKUMAR	forest management
1	2017-2017	NEERA M SINGH	forest management,tribal studies
1	2017-2017	Y GIRI RAO	forest management,tribal studies
1	2017-2017	TUSHAR DASH	economics
1	2017-2017	SANGHAMITRA DUBEY	politics
1	2017-2017	R VENKAT RAMANUJAM	forest management,tribal studies
1	2017-2017	MEENAL TATPATI	forest management,biodiversity
1	2017-2017	SUJATA DAS CHOWDHURY	agriculture,water management
1	2017-2017	BRUNO DORIN	agriculture
1	2017-2017	AMARNATH TRIPATHI	agriculture,climate change
1	2017-2017	ASHOK K MISHRA	agriculture,climate change
1	2017-2017	RASHMI TIWARI	water management
1	2017-2017	SANATAN NAYAK	water management
1	2017-2017	DURBA BISWAS	water management
1	2017-2017	PRIYANKA JAMWAL	water management
1	2017-2017	SUDHA MAHALINGAM	energy policy
1	2017-2017	DEEPAK SHARMA	energy policy
1	2017-2017	MANOJ MISRA	energy policy,international relations
1	2017-2017	SOURAYAN MOOKERJEA	energy policy,international relations
1	2017-2017	SNEHASHISH MITRA	
1	2017-2017	SUBIR BHAUMIK	
1	2017-2017	GOPAL KRISHNA	waste management
1	2017-2017	DHAVAL JOSHI	water management
1	2017-2017	RAJESWARI SENGUPTA	economics
1	2017-2017	HARSH VARDHAN	economics
1	2017-2017	RENU DESAI	urban studies,water management
1	2017-2017	SHACHI SANGHVI	urban studies,water management
1	2017-2017	ASEEM MISHRA	urban studies
1	2017-2017	YOGI JOSEPH	urban studies
1	2017-2017	SHIVASUNDAR	water management
1	2017-2017	RAHUL BASU	law
1	2017-2017	JYOTI RAINA	water management
1	2017-2017	SOPAN JOSHI	water management
1	2017-2017	ESHWER KALE	water management
1	2017-2017	RANJIT SINGH GHUMAN	water management
1	2017-2017	KAMAL NAYAN CHOUBEY	forest management,tribal studies
1	2017-2017	CRISPINO LOBO	climate change,agriculture
1	2017-2017	N CHATTOPADHYAY	climate change,agriculture
1	2017-2017	DIANE COFFEY	rural development
1	2017-2017	AASHISH GUPTA	rural development
1	2017-2017	PAYAL HATHI	rural development
1	2017-2017	DEAN SPEARS	rural development
1	2017-2017	NIKHIL SRIVASTAV	rural development
1	2017-2017	SANGITA VYAS	rural development
1	2018-2018	JAISHRI SRINIVASAN	climate change,agriculture
1	2018-2018	JAGMOHAN SHARMA	climate change,agriculture
1	2018-2018	KULWANT SINGH NEHRA	water management,energy policy
1	2018-2018	P OMKAR NADH	water pollution
1	2018-2018	NARAYAN BILLAVA	water management
1	2018-2018	ZACHARY BURT	water management
1	2018-2018	JOHN M COLFORD JR	water management
1	2018-2018	AND OTHERS	water management
1	2018-2018	SHERWYN CORREIA	development studies
1	2018-2018	MONA BHAN	dams,water management
1	2018-2018	ALOK PRASANNA KUMAR	law
1	2018-2018	LARA JESANI	water management
1	2018-2018	ALPHONSA JOJAN	biodiversity
1	2018-2018	SHAWN DSOUZA	biodiversity
1	2018-2018	PRAKRITI MUKERJEE	biodiversity
1	2018-2018	CHETAN RAO	biodiversity
1	2018-2018	KARTIK SHANKER	biodiversity
1	2018-2018	STEFANIA LOVO	development studies
1	2018-2018	HIMANGANA GUPTA	climate change
1	2018-2018	RAJANI RANJAN RASHMI	climate change
1	2018-2018	J R BHATT	climate change
1	2018-2018	MICHEL P PIMBERT	agriculture
1	2018-2018	MADHURI RAMESH	conservation
1	2018-2018	NAVEEN NAMBOOTHRI	conservation
1	2018-2018	SHEETAL PATIL	urban studies,agriculture
1	2018-2018	DHANYA B	urban studies,agriculture
1	2018-2018	RAGHVENDRA S VANJARI	urban studies,agriculture
1	2018-2018	C SARATCHAND	agriculture
1	2018-2018	RAJ GUPTA	agriculture
1	2018-2018	MAMTA MEHRA	agriculture
1	2018-2018	RABI NARAYAN SAHOO	agriculture
1	2018-2018	INDER ABROL	agriculture
1	2018-2018	PADMINI RAM	urban studies
1	2018-2018	BARRIE NEEDHAM	urban studies
1	2018-2018	AMBIKA AIYADURAI	wildlife conservation
1	2018-2018	KAAREN MATHIAS	public health
1	2018-2018	RAMYA K TELLA	climate change,gandhian studies
1	2018-2018	PRATIK MISHRA	water management
1	2018-2018	VISHAL NARAIN	water management
1	2018-2018	VARUN PANICKAR	water management
1	2018-2018	RAJAN GURUKKAL	history
1	2018-2018	SMITHA FRANCIS	economics
1	2018-2018	PREETA DHAR	coastal management
1	2018-2018	MAHESH P BHAVE	energy policy
1	2018-2018	HANS NICOLAI ADAM	climate change
1	2018-2018	SHILPI SRIVASTAVA	climate change
1	2018-2018	VEENA POONACHA	forest management
1	2018-2018	ANJU LIS KURIAN	biodiversity
1	2018-2018	C VINODAN	biodiversity
1	2018-2018	NAINI JAYASEELAN	urban planning
1	2018-2018	MOHD SAHIL ALI	mining,waste management
1	2018-2018	RAJ KUMAR KUNDU	water management,agriculture
1	2018-2018	APURBA KUMAR CHATTOPADHYAY	water management,agriculture
1	2018-2018	MEERA SAHASRANAMAN	water management,energy policy
1	2018-2018	MAHENDRA SINGH	water management,energy policy
1	2018-2018	ASHWINI DABADGE	energy policy
1	2018-2018	ANN JOSEY	energy policy
1	2018-2018	THIAGU RANGANATHAN	agriculture,pollution
1	2018-2018	SARTHAK GAURAV	agriculture,pollution
1	2018-2018	IMDADUL ISLAM HALDER	agriculture,pollution
1	2018-2018	DIVYA SUSAN SOLOMON	water management
1	2018-2018	NITYA RAO	water management
1	2018-2018	PRANITA B UDAS	water management,gender
1	2018-2018	CHANDA G GOODRICH	water management,gender
1	2018-2018	AMIT MITRA	gender
1	2018-2018	ASISH KUMAR GHOSH	climate change
1	2018-2018	SUKANYA BANERJEE	climate change
1	2018-2018	FARHA NAAZ	climate change
1	2018-2018	MANJULA M	gender,rural development
1	2018-2018	R RENGALAKSHMI	gender,rural development
1	2018-2018	LAURA B NOLAN	urban studies
1	2018-2018	DAVID E BLOOM	urban studies
1	2018-2018	RAMNATH SUBBARAMAN	urban studies
1	2018-2018	NEELAM AGARWAL	forest management,tribal studies
1	2018-2018	HIMADRI CHATTERJEE	urban studies
1	2018-2018	SHAILAJA FENNELL	development studies
1	2018-2018	JOHN HOLMES	development studies
1	2018-2018	BERNIE JONES	development studies
1	2018-2018	ANOOP SINGH	energy policy,economics
1	2018-2018	SAURABH SHARMA	energy policy,economics
1	2018-2018	M S KALRA	energy policy,economics
1	2018-2018	NARESH CHANDRA SAXENA	politics
1	2018-2018	SHILPA DAHAKE	water management
1	2018-2018	ANUSHEEMA CHAKRABORTY	climate change
1	2018-2018	ROOPAM SHUKLA	climate change
1	2018-2018	KAMNA SACHDEVA	climate change
1	2018-2018	SANJAY KUMAR PRADHAN	international relations,energy policy
1	2018-2018	THERESA WONG	air pollution
1	2019-2019	HARRO VAN ASSELT	climate change
1	2019-2019	SUSANNE DROEGE	climate change
1	2019-2019	MICHAEL MEHLING	climate change
1	2019-2019	DIVYA KALATHINGAL	wildlife conservation,tribal studies
1	2019-2019	SHIREEN MIRZA	waste management
1	2019-2019	SHREYAS SREENATH	waste management
1	2019-2019	D ASHER GHERTNER	history
1	2019-2019	SAURABH ARORA	development studies
1	2019-2019	M VIJAYABASKAR	development studies
1	2019-2019	DIVYA SHARMA	development studies
1	2019-2019	ANDY STIRLING	development studies
1	2019-2019	SUNNY KUMAR	climate change,agriculture
1	2019-2019	BALJINDER KAUR SIDANA	climate change,agriculture
1	2019-2019	VISHNU M J	air pollution
1	2019-2019	GEORGINA DREW	water management
1	2019-2019	GANA SHRUTHY M K	wildlife conservation
1	2019-2019	RAJDEEP KONAR	
1	2019-2019	RANJITA MOHANTY	development studies
1	2019-2019	ANJU DWIVEDI	development studies
1	2019-2019	SUCHARITA SEN	agriculture,development studies,water management
1	2019-2019	ANSHIKA JOHN	agriculture,development studies,water management
1	2019-2019	ABHISHEK RAJAN	water pollution
1	2019-2019	ARCHANA PRASAD	economic sociology
1	2019-2019	ANUPAMA RAMAKRISHNAN	sociology
1	2019-2019	IFTEKHAR IQBAL	development studies
1	2019-2019	SHUVABRATA CHAKRABORTY	air pollution
1	2019-2019	SAMIR K SRIVASTAVA	air pollution
1	2019-2019	ROOPESH KAUSHIK	water management,rural development
1	2019-2019	BINAYAK RATH	water management,rural development
1	2019-2019	C SHAMBU PRASAD	biotechnology,politics
1	2019-2019	SRIRUPA BHATTACHARYA	water management
1	2019-2019	ABHAY SHUKLA	
1	2019-2019	ACHIN VANAIK	
1	2019-2019	NIRMALYA CHOUDHURY	water management
1	2019-2019	MEGHNA MUKHERJEE	water management
1	2019-2019	DIVYA VELUGURI	agriculture
1	2019-2019	RAMANJANEYULU G V	agriculture
1	2019-2019	LINDSAY JAACKS	agriculture
1	2019-2019	SREEJA JAISWAL	climate change,international relations
1	2019-2019	GYAN PRAKASH	
1	2019-2019	KUMKUM ROY	history
1	2019-2019	AJIT PHADNIS	politics,public policy
1	2019-2019	AISHWARYA GUPTA	politics,public policy
1	2019-2019	LALIT KUMAR	agriculture
1	2019-2019	M MANJULA	agriculture
1	2019-2019	P INDIRA DEVI	agriculture
1	2019-2019	VIJAY PRASHAD	
1	2019-2019	SHASHIKANT YADAV	ecocide law,environmental justice,illiberal democracy
1	2019-2019	ANJALI SEHRAWAT	politics,international relations,central asian studies
1	2019-2019	SUNIL KUMAR MISHRA	biodiversity
1	2019-2019	ASHIMA GUPTA	ecnomics,deprivation,malnutrition
1	2019-2019	ATUL BHARDWAJ	
1	2019-2019	ASHISH AGGARWAL	sustainable development,climate change
1	2019-2019	HIMANSHU THAKKAR	
1	2019-2019	RAHUL BANERJEE	natural resource management,decentralized governance,gender studies
1	2019-2019	BALMIKI PRASAD SINGH	
1	2019-2019	USMAN ASHRAF	agrarian change,sustainable developments,political ecology
1	2019-2019	SWAMINATHAN S ANKLESARIA AIYAR	urban sociology,rural sociology,social policy
1	2019-2019	NEERAJ KAUSHAL	economics,social policy
1	2019-2019	ANJANA SINGH	
1	2019-2019	HARINI NAGENDRA	land cover change,commons,urban ecology
1	2019-2019	ASI GUHA	
1	2019-2019	ELPHIN TOM JOE	political party,manifestos,international environmental politics
1	2019-2019	AVLI VERMA	
1	2019-2019	SHILPA M ASOKAN	climate change,water governance
